matchNo,team,opponent,matchType,name,courtPosition_Q1,courtPosition_Q2,courtPosition_Q3,courtPosition_Q4,minutesPlayed,goalsScored,goalsAttempted,shootingPer,goalAssists,feeds,centrePassReceives,gains,intercepts,deflections,attackingRebounds,defensiveRebounds,pickups,contactPenalties,obstructionPenalties,offsides,badHands,footwork,otherError
1,England,Trinidad and Tobago,Pool,ALLISON Imogen,,,C,C,18,,,,8,10,,1,1,,,,1,,,,,,
1,England,Trinidad and Tobago,Pool,CARDWELL Eleanor,,,GS,GS,30,30,30,100,2,2,,,,,,,,2,2,,,,
1,England,Trinidad and Tobago,Pool,CLARKE Jade,WD,WD,C,,37,,,,4,8,1,3,1,2,,,2,2,,,,,
1,England,Trinidad and Tobago,Pool,DRAKEFORD-LEWIS Sophie,,,WA,GA,30,3,4,75,12,16,13,,,1,,,4,3,1,,,1,1
1,England,Trinidad and Tobago,Pool,FRANCIS-BAYMAN Stacey,,WD,WD,GD,35,,,,,,4,3,2,2,,,3,4,2,,,,
1,England,Trinidad and Tobago,Pool,GUSCOTH Layla,GD,GD,GD,GD,45,,,,,,2,4,1,8,,,3,5,2,,,,
1,England,Trinidad and Tobago,Pool,HARTEN Joanne,GS,GS,GS,,30,25,30,83,2,3,,1,1,,1,,,1,,,,,
1,England,Trinidad and Tobago,Pool,HOUSBY Helen,GA,GA,GA,GA,45,16,24,67,8,10,16,1,1,2,2,,3,1,,,2,,
1,England,Trinidad and Tobago,Pool,MALCOLM Laura,C,C,C,WD,45,,,,12,24,1,4,1,3,,,4,2,1,1,2,,
1,England,Trinidad and Tobago,Pool,MENTOR Geva,GK,GK,GK,,30,,,,,,,5,2,1,,3,3,3,4,,,,
1,England,Trinidad and Tobago,Pool,METCALF Natalie,WA,WA,WA,WA,45,,,,19,32,10,,,,,,,3,2,,1,,
1,England,Trinidad and Tobago,Pool,USORO-BROWN Eboni,,,GK,GK,30,,,,,,,2,,4,,1,5,3,2,,,,
1,Trinidad and Tobago,England,Pool,BAPTISTE Aniecia,GD,GD,GD,GD,54,,,,,,17,2,2,6,,,,4,6,,1,1,
1,Trinidad and Tobago,England,Pool,BRUNO Tia,,,,,,,,,,,,,,,,,,,,,,,
1,Trinidad and Tobago,England,Pool,CASSIMY Janeisha,WD,C,WD,WD,60,,,,3,3,3,1,1,,,,4,4,,2,,,2
1,Trinidad and Tobago,England,Pool,COOPER Joelisa,GA,GA,GA,GA,55,10,13,77,8,12,1,,,,,,3,1,,,2,2,
1,Trinidad and Tobago,England,Pool,DILLON Tianna,,,,,,,,,,,,,,,,,,,,,,,
1,Trinidad and Tobago,England,Pool,DOUGLAS Oprah,C,C,C,C,47,,,,1,7,,,,,,,3,1,1,1,,1,
1,Trinidad and Tobago,England,Pool,GREENE Shaquanda,GK,GK,GK,GK,60,,,,,,,9,,4,,5,8,15,8,,,,2
1,Trinidad and Tobago,England,Pool,HAGLEY Faith,,WA,,,7,,,,,,1,,,,,,,,,1,1,,
1,Trinidad and Tobago,England,Pool,HOLLINGSWORTH Tahirah,,GA,GA,,9,,,,,,1,,,,,,,,,,,,
1,Trinidad and Tobago,England,Pool,MCEACHRANE Jeresia,,WD,WD,GD,19,,,,,,2,1,,1,,1,1,4,1,,2,,
1,Trinidad and Tobago,England,Pool,NOEL Afeisha,GS,GS,GS,GS,56,12,15,80,1,1,,,,,1,,,2,,,1,1,
1,Trinidad and Tobago,England,Pool,SEEMUNGAL Shantel,WA,WA,WA,WA,53,,,,7,14,10,,,,,,,,1,,4,,
2,Australia,Barbados,Pool,ARYANG Sunday,,,WD,WD,30,,,,,,,2,2,2,,,,2,,,,,
2,Australia,Barbados,Pool,AUSTIN Kiera,,,GA,WA,30,6,6,100,17,20,11,1,1,1,,,1,,1,,1,,
2,Australia,Barbados,Pool,BRAZILL Ashleigh,WD,WD,C,C,45,,,,5,5,1,3,3,3,,,1,4,,,1,,
2,Australia,Barbados,Pool,BRUCE Courtney,GK,GK,GD,GD,45,,,,,,1,10,4,2,,3,5,6,4,,,,
2,Australia,Barbados,Pool,BUETA Gretel,GS,GS,GS,,30,44,48,92,,1,,1,,,2,,1,,,,2,,
2,Australia,Barbados,Pool,HADLEY Paige,,,,,,,,,,,,,,,,,,,,,,,
2,Australia,Barbados,Pool,KLAU Sarah,,,GK,GK,30,,,,,,,5,1,3,,2,9,,,,,,
2,Australia,Barbados,Pool,KOENEN Cara,,,GS,GS,30,35,38,92,1,3,,2,1,1,2,,1,1,,,2,,
2,Australia,Barbados,Pool,MOLONEY Kate,C,C,C,C,45,,,,14,32,,2,2,3,,,1,9,3,1,,,
2,Australia,Barbados,Pool,WATSON Liz,WA,WA,WA,WA,45,,,,29,47,24,2,1,,,,3,3,,,,1,
2,Australia,Barbados,Pool,WESTON Joanna,GD,GD,GD,GD,45,,,,,1,5,6,4,2,,1,1,2,4,1,,,
2,Australia,Barbados,Pool,WOOD Steph,GA,GA,GA,GA,45,10,15,67,27,29,13,,,,1,,3,,,,,,
2,Barbados,Australia,Pool,AGARD Faye Yvette,,GK,GS,GS,33,4,7,57,,,,,,,1,,2,4,4,,2,1,
2,Barbados,Australia,Pool,AZORE-BRUCE Shonette Teshome Rashan,GK,GK,GK,GK,46,,,,,,,5,1,3,,4,4,9,4,,,,
2,Barbados,Australia,Pool,BLACKMAN Latonia Natasha Carolann,GD,GA,GA,GA,60,6,8,75,3,6,12,1,,1,,1,2,,1,,3,2,
2,Barbados,Australia,Pool,BOBB Vanessa Naomi,WD,WD,WD,,30,,,,1,1,5,1,1,,,,2,3,,,,,
2,Barbados,Australia,Pool,BROWNE Samantha Terri-ann Olivia,WA,WA,WD,WD,30,,,,2,5,7,,,,,,3,2,,,,,
2,Barbados,Australia,Pool,HOLDER Brianna Makala,GA,WA,WA,GS,49,2,3,67,5,16,9,,,,1,,,2,,2,1,1,
2,Barbados,Australia,Pool,KIRTON Zakiya Winet,,,,WD,15,,,,,,7,,,,,,1,1,,,,,
2,Barbados,Australia,Pool,ROCK-YAW Tonisha Claradine,C,C,C,C,60,,,,3,11,,,,2,,,2,6,,,3,1,
2,Barbados,Australia,Pool,SHEPHERD Stephian Onesia Briana,,,,,,,,,,,,,,,,,,,,,,,
2,Barbados,Australia,Pool,SMITH Sabreena Natasha,,,,WA,15,,,,2,6,2,,,,,,1,1,,,2,,
2,Barbados,Australia,Pool,STOUTE Akeena Kelicia,,GD,GD,GD,45,,,,,,6,2,1,2,,1,,12,2,,3,,
2,Barbados,Australia,Pool,WHARTON Shonica Deandra,GS,GS,GS,,37,6,13,46,1,1,,,,,,,,1,,,1,1,
3,New Zealand,Northern Ireland,Pool,CRAMPTON Gina,WA,WA,WA,WA,30,,,,18,20,9,1,1,1,,,,,,,,,1
3,New Zealand,Northern Ireland,Pool,FITZPATRICK Sulu,GK,GD,GD,GK,45,,,,,,,6,,1,,4,5,1,2,,,,
3,New Zealand,Northern Ireland,Pool,HEFFERNAN Kate,,WD,C,C,30,,,,9,11,1,,,1,,,1,6,,,,,
3,New Zealand,Northern Ireland,Pool,JOHNSON Kayla,WD,WD,WD,WD,45,,,,,,3,3,1,2,,,3,7,2,,,,
3,New Zealand,Northern Ireland,Pool,JURY Kelly,,GK,GK,GK,30,,,,,,,6,3,3,,,3,6,3,,,,
3,New Zealand,Northern Ireland,Pool,KARAKA Phoenix,GD,GD,GD,GD,45,,,,,,,1,,1,,1,,7,5,,,,
3,New Zealand,Northern Ireland,Pool,MES Bailey,,GA,GA,GA,30,5,13,38,13,13,6,,,1,5,,2,3,3,,,,1
3,New Zealand,Northern Ireland,Pool,NWEKE Grace,GS,GS,GS,GS,30,29,31,94,,,,,,,3,,,1,,,,,
3,New Zealand,Northern Ireland,Pool,SAUNDERS Shannon,C,WA,WA,WA,45,,,,13,21,8,,,,,,1,4,,,,,
3,New Zealand,Northern Ireland,Pool,SELBY-RICKIT Te Paea,GA,GA,,GS,30,25,27,93,3,4,4,,,,4,,,,,,,,
3,New Zealand,Northern Ireland,Pool,SOUNESS Whitney,,C,C,C,30,,,,13,19,,3,1,1,,,2,3,1,,,,2
3,New Zealand,Northern Ireland,Pool,WILSON Maia,,GS,GA,GA,30,20,22,91,6,7,5,,,,1,,1,1,,,,,
3,Northern Ireland,New Zealand,Pool,BOWMAN Jenna,,GS,GS,GS,29,4,7,57,,1,,,,,1,,,1,1,,,,1
3,Northern Ireland,New Zealand,Pool,COOPER Niamh,WD,WD,C,WD,51,,,,,1,9,1,1,,,,,3,1,,,,
3,Northern Ireland,New Zealand,Pool,CROSBIE Ciara,GS,GS,GS,GS,42,9,16,56,1,3,1,,,,,,2,3,1,,,,1
3,Northern Ireland,New Zealand,Pool,DRAYNE Michelle,,WA,WA,WA,30,,,,5,13,4,,,,,,,1,,1,2,,
3,Northern Ireland,New Zealand,Pool,KEENAN Frances,WA,WA,,C,30,,,,2,7,,,,,,,2,4,,,,1,
3,Northern Ireland,New Zealand,Pool,MAGEE Emma,GA,GA,WA,GA,42,6,10,60,2,6,4,,,,,,,8,,1,,,
3,Northern Ireland,New Zealand,Pool,MAGEE Michelle,GK,GK,GD,GD,57,,,,,,5,1,1,2,,,1,11,7,,,,
3,Northern Ireland,New Zealand,Pool,MCCANN Maria,,,WD,GD,18,,,,,,5,,,,,,,2,2,,,,
3,Northern Ireland,New Zealand,Pool,MCDONALD Olivia,,,GK,GK,30,,,,,,,,,1,,,,3,10,,,,
3,Northern Ireland,New Zealand,Pool,MCGRATH Georgie,,,GA,GA,16,1,3,33,2,2,1,,,,,,,,,,1,2,
3,Northern Ireland,New Zealand,Pool,O'HANLON Caroline,C,C,C,C,45,,,,4,14,2,,,,,,1,4,4,,1,,
3,Northern Ireland,New Zealand,Pool,TONER Fionnuala,GD,GD,GD,,30,,,,,,7,2,1,2,,,1,11,,1,1,,
4,Jamaica,Wales,Pool,BECKFORD Shanice Horasha,,GA,GA,GA,30,8,12,67,10,11,15,,,1,,,1,,,,,,
4,Jamaica,Wales,Pool,DEHANEY Kadie-ann Alicia,,,GK,GK,22,,,,,,,3,,,,1,4,3,2,,,,
4,Jamaica,Wales,Pool,DIXON-ROCHESTER Nicole,C,C,C,C,45,,,,17,22,,1,1,2,,,,10,2,,2,,
4,Jamaica,Wales,Pool,FOWLER Jhaniele Karyl,GS,GS,GS,,30,32,33,97,3,4,,,,,3,,,,,,1,,
4,Jamaica,Wales,Pool,HEMMINGS Shadian Toni-ann,WD,WD,,WD,30,,,,,,3,,,2,,,,4,2,,,,
4,Jamaica,Wales,Pool,NELSON Shimona,,,GS,GS,30,29,29,100,,,,,,,2,,,,,,2,,
4,Jamaica,Wales,Pool,ROBINSON Rebekah Theresa,GA,GA,,GA,30,3,5,60,12,12,9,,,,,,2,2,,,2,2,
4,Jamaica,Wales,Pool,STERLING Shamera Shadae,GK,GK,GK,,38,,,,,,,4,2,5,,1,7,1,6,,,,
4,Jamaica,Wales,Pool,THOMAS Adean Tamesha,,,WA,C,30,,,,6,9,5,,,,,,,3,1,,1,1,
4,Jamaica,Wales,Pool,WARD Jodi-Ann,GD,WD,WD,WD,45,,,,,,2,1,,3,,,2,6,4,,1,,
4,Jamaica,Wales,Pool,WILLIAMS Khadijah Amoy,WA,WA,WA,WA,45,,,,22,24,15,,,,,,1,3,1,1,2,,
4,Jamaica,Wales,Pool,WILSON Latanya Amoy,,GD,GD,GD,45,,,,,,2,6,4,7,,2,,4,3,,,,1
4,Wales,Jamaica,Pool,CREAK Betsy,GA,GA,GS,GS,60,22,27,81,5,7,10,1,,2,1,,5,1,,,4,,
4,Wales,Jamaica,Pool,DRANE Suzy,C,C,C,,30,,,,5,7,,,,,,,2,2,,,1,,1
4,Wales,Jamaica,Pool,DYKE Bethan,WA,WA,C,,43,,,,13,17,12,,,2,,,2,6,2,1,1,,
4,Wales,Jamaica,Pool,JONES Clare,,,C,C,17,,,,4,7,,,,,,,,2,,,,1,
4,Wales,Jamaica,Pool,JONES Nia,WD,WD,WD,WD,60,,,,1,1,14,,,1,,,2,7,2,,3,,
4,Wales,Jamaica,Pool,O'DWYER Shona,,,WA,WA,30,,,,10,17,8,,,,,,1,1,,,1,,
4,Wales,Jamaica,Pool,POWELL-DAVIES Ella,GD,GD,GD,GD,45,,,,,,3,,,1,,,2,9,11,,,,
4,Wales,Jamaica,Pool,ROBERTS Eleanor,,,GA,GA,22,3,5,60,3,4,4,,,1,,,3,2,,,,,
4,Wales,Jamaica,Pool,ROWE Georgia,GS,GS,GS,,38,18,19,95,2,2,,,,1,,,,4,,,1,1,
4,Wales,Jamaica,Pool,SHAW Christina,GK,GK,GK,GD,60,,,,,,1,2,1,,,,5,7,3,,,,
4,Wales,Jamaica,Pool,THOMAS Leila,,,,GK,15,,,,,,,,,1,,,1,5,3,,,,
4,Wales,Jamaica,Pool,YARRANTON Phillipa,,,,,,,,,,,,,,,,,,,,,,,
5,Australia,Scotland,Pool,ARYANG Sunday,GD,GD,GD,GD,45,,,,,,3,7,2,3,,5,,6,,,1,,
5,Australia,Scotland,Pool,AUSTIN Kiera,GA,GA,GA,WA,45,10,13,77,13,13,12,2,,,1,,3,2,,,,,2
5,Australia,Scotland,Pool,BRAZILL Ashleigh,WD,WD,WD,C,45,,,,7,9,5,2,1,4,,,3,2,1,,,1,
5,Australia,Scotland,Pool,BRUCE Courtney,,,GK,GK,30,,,,,,,6,4,5,,,8,2,2,,,,
5,Australia,Scotland,Pool,BUETA Gretel,GS,GS,GA,GA,45,33,34,97,7,10,8,,,,1,,,,,,1,,
5,Australia,Scotland,Pool,HADLEY Paige,C,WA,,,14,,,,11,12,2,1,,,,,1,,,,,,
5,Australia,Scotland,Pool,KLAU Sarah,GK,GK,GK,,30,,,,,,,4,1,6,,1,4,3,1,,,,
5,Australia,Scotland,Pool,KOENEN Cara,,,GS,GS,30,36,37,97,2,1,,,,1,1,,,,,,,,
5,Australia,Scotland,Pool,MOLONEY Kate,C,C,C,WD,53,,,,10,12,3,3,,1,,,3,3,,,,,1
5,Australia,Scotland,Pool,WATSON Liz,WA,WA,WA,WA,38,,,,20,27,11,1,,1,,,2,2,1,1,2,,
5,Australia,Scotland,Pool,WESTON Joanna,,,WD,GD,30,,,,,,3,,,2,,,1,2,3,,,1,
5,Australia,Scotland,Pool,WOOD Steph,,,,GA,15,4,4,100,10,10,4,,,1,,,1,1,,,,,
5,Scotland,Australia,Pool,BARRIE Emma,,GS,GS,,23,7,8,88,,,,,,,,,,1,,,1,,
5,Scotland,Australia,Pool,BOYLE Kelly,,C,C,,23,,,,3,7,,,,,,,3,1,,,,,
5,Scotland,Australia,Pool,CHRISTIAN Iona,WA,WA,WA,WA,45,,,,13,24,16,,,,,,1,1,,,4,,
5,Scotland,Australia,Pool,CONWAY Rachel Olive,,GK,GK,GK,30,,,,,,,3,1,,,1,2,3,,,,,
5,Scotland,Australia,Pool,GOODWIN Beth,GS,GS,GS,GS,45,15,16,94,3,3,,,,,,,1,1,,,2,,2
5,Scotland,Australia,Pool,LEIGHTON Hannah,C,C,C,C,45,,,,6,9,1,1,,2,,,2,3,,,1,,
5,Scotland,Australia,Pool,LOVE Emma,,GA,WA,WA,30,2,4,50,3,4,11,,,1,,,4,2,,,1,,1
5,Scotland,Australia,Pool,MACPHAIL Sarah,,WD,GD,GD,30,,,,,,3,,,2,,,1,2,,,,,
5,Scotland,Australia,Pool,MAXWELL Claire,WD,WD,WD,WD,37,,,,,,6,,,,,,,6,1,,,,
5,Scotland,Australia,Pool,MCCALL Niamh,GA,GA,GA,GA,37,6,10,60,2,6,8,,,,,,,2,,,1,,
5,Scotland,Australia,Pool,NICHOLL Emily,GD,GD,GD,GD,45,,,,,,6,2,1,2,,,1,7,2,,1,,
5,Scotland,Australia,Pool,TAIT Lauren,GK,GK,,GK,30,,,,,,,3,,2,,,4,8,4,,,,
6,England,Malawi,Pool,ALLISON Imogen,,,,WD,16,,,,,,,2,1,1,,,2,3,,,,,
6,England,Malawi,Pool,CARDWELL Eleanor,GA,GA,,GS,46,31,33,94,3,5,6,1,,1,1,,1,3,,,3,,
6,England,Malawi,Pool,CLARKE Jade,C,C,WD,,42,,,,2,6,,,,2,,,1,2,,,,,
6,England,Malawi,Pool,DRAKEFORD-LEWIS Sophie,,,,WA,,,,,5,5,3,1,1,,,,,,1,,,,
6,England,Malawi,Pool,FRANCIS-BAYMAN Stacey,WD,WD,GD,GD,46,,,,,,8,2,2,3,,,2,7,1,1,,,
6,England,Malawi,Pool,GUSCOTH Layla,GD,GD,,GD,45,,,,,,1,5,2,4,,,4,11,4,,,,
6,England,Malawi,Pool,HARTEN Joanne,GS,GS,GS,GS,46,21,25,84,12,11,,,,,2,,2,,1,,,,
6,England,Malawi,Pool,HOUSBY Helen,,,GA,GA,30,14,18,78,4,7,15,1,,2,,,2,4,,,1,,
6,England,Malawi,Pool,MALCOLM Laura,,C,C,C,35,,,,7,13,,2,2,1,,,1,3,,,1,,1
6,England,Malawi,Pool,MENTOR Geva,GK,GK,GK,,46,,,,,,,3,1,2,,,7,9,3,,,,
6,England,Malawi,Pool,METCALF Natalie,WA,WA,WA,WA,53,,,,30,40,19,,,1,,,1,,,,1,1,
6,England,Malawi,Pool,USORO-BROWN Eboni,,,,GK,15,,,,,,,1,,1,,,2,3,,,,,
6,Malawi,England,Pool,CHIMALIRO Jane,,GA,,,16,4,5,80,2,2,3,1,,2,1,,2,1,,,,,
6,Malawi,England,Pool,DAMBO Martha,WD,WD,WD,WD,60,,,,,,4,3,1,,,,3,11,,,,,1
6,Malawi,England,Pool,DIMBA Shira,,,,,,,,,,,,,,,,,,,,,,,
6,Malawi,England,Pool,GALLETA Thandie Mwale,,,,,,,,,,,,,,,,,,,,,,,
6,Malawi,England,Pool,KUMWENDA Bridget,WA,WA,WA,WA,60,,,,8,12,8,1,,,,,3,5,1,1,,,1
6,Malawi,England,Pool,KUMWENDA Mwai Jasinta,GA,,GA,GA,46,18,21,86,4,4,15,,,,1,,1,,1,,3,,
6,Malawi,England,Pool,LWAZI Takondwa,C,C,C,C,60,,,,22,28,,,,3,,,2,5,,,1,,
6,Malawi,England,Pool,MTUKULE Caroline Brighton,GD,GD,,,28,,,,,,7,2,1,,,1,,5,1,,3,,
6,Malawi,England,Pool,MVULA Joyce,GS,GS,GS,GS,61,19,22,86,2,2,,,,,1,,,3,,,3,,
6,Malawi,England,Pool,NGWIRA Loreen,,GK,GK,GK,32,,,,,,,5,,1,,3,4,5,9,,,,
6,Malawi,England,Pool,SIMTOWE Sindi,,,,,,,,,,,,,,,,,,,,,,,
6,Malawi,England,Pool,VINKHUMBO Towera Angela,GK,GD,GD,GD,57,,,,1,2,12,5,2,6,,,7,13,9,,2,,
7,Jamaica,South Africa,Pool,BECKFORD Shanice Horasha,GA,GA,GA,WA,53,15,18,83,15,24,23,2,1,,,,3,2,1,,2,,
7,Jamaica,South Africa,Pool,DEHANEY Kadie-ann Alicia,,,,GK,14,,,,,,,,,,,,,,,,,,
7,Jamaica,South Africa,Pool,DIXON-ROCHESTER Nicole,C,C,C,C,47,,,,22,31,2,3,2,4,,,2,9,1,,2,,1
7,Jamaica,South Africa,Pool,FOWLER Jhaniele Karyl,GS,GS,GS,,40,33,33,100,1,1,,,,1,2,,,,,,1,1,
7,Jamaica,South Africa,Pool,HEMMINGS Shadian Toni-ann,,,,C,10,,,,2,2,,,,,,,,1,1,,1,1,
7,Jamaica,South Africa,Pool,NELSON Shimona,,,GS,GS,20,14,14,100,,3,4,,,,,,1,,1,,2,,
7,Jamaica,South Africa,Pool,ROBINSON Rebekah Theresa,,,GA,GA,20,6,6,100,5,5,3,,,,,,,2,,,,,
7,Jamaica,South Africa,Pool,STERLING Shamera Shadae,GK,GK,GK,GD,60,,,,,,3,5,3,3,,,6,6,3,,1,,1
7,Jamaica,South Africa,Pool,THOMAS Adean Tamesha,,,WD,WD,30,,,,,,1,1,1,,,,,4,2,,,,
7,Jamaica,South Africa,Pool,WARD Jodi-Ann,WD,WD,,WD,31,,,,,,,3,,2,,,3,3,1,,,,
7,Jamaica,South Africa,Pool,WILLIAMS Khadijah Amoy,WA,WA,WA,WA,50,,,,17,19,12,,,1,,,3,2,,,,1,
7,Jamaica,South Africa,Pool,WILSON Latanya Amoy,GD,GD,GD,,45,,,,,,4,5,2,3,,3,2,2,3,,1,,
7,South Africa,Jamaica,Pool,CHAWANE Khanyisa,,C,C,C,45,,,,15,25,,1,1,,,,,2,1,,,,
7,South Africa,Jamaica,Pool,GRIESEL Izette,C,WA,,WA,45,,,,17,23,11,1,1,,,,2,3,,,,,
7,South Africa,Jamaica,Pool,MAWENI Phumza,GK,GK,GK,GK,46,,,,,,,1,1,2,,,4,13,3,,1,,
7,South Africa,Jamaica,Pool,MDAU Tshina,,,WD,,15,,,,,,2,,,,,,,3,,,,,
7,South Africa,Jamaica,Pool,MSOMI Bongiwe,WA,,WA,,30,,,,10,11,12,1,,1,,,2,5,,,1,,
7,South Africa,Jamaica,Pool,RADEMAN Lefebre,GA,GA,,GA,40,6,8,75,4,5,5,,,,,,,5,1,,2,,
7,South Africa,Jamaica,Pool,SMITH Nicola,GD,,,GK,20,,,,,,1,1,,2,,,2,1,4,,1,,
7,South Africa,Jamaica,Pool,TALJAARD Nichole,,,,,,,,,,,,,,,,,,,,,,,
7,South Africa,Jamaica,Pool,VAN DER BERG Elmere,,,GA,GA,30,13,15,87,2,2,10,,,,4,,1,1,1,,1,,
7,South Africa,Jamaica,Pool,VAN DER MERWE Shadine,WD,WD,GD,WD,59,,,,,,10,2,1,,,1,3,6,4,,,,
7,South Africa,Jamaica,Pool,VENTER Ine-Mari,GS,GS,GS,GS,60,30,36,83,1,1,,,,1,1,,,3,,,3,,
7,South Africa,Jamaica,Pool,VIMBELA Zanele,,GD,,GD,30,,,,,1,2,,,1,,,,3,3,,,,
8,New Zealand,Uganda,Pool,CRAMPTON Gina,WA,WA,WA,WA,47,,,,19,26,15,,,1,,,2,,,,1,,
8,New Zealand,Uganda,Pool,FITZPATRICK Sulu,,GD,GK,GD,45,,,,,,2,1,1,,,,1,3,,,,,
8,New Zealand,Uganda,Pool,HEFFERNAN Kate,WD,WD,WD,WD,30,,,,,,2,1,1,,,,,7,1,,,,
8,New Zealand,Uganda,Pool,JOHNSON Kayla,,WD,WD,WD,30,,,,,,4,,,1,,,,6,,,,,
8,New Zealand,Uganda,Pool,JURY Kelly,GK,GK,GK,GK,45,,,,,,,4,1,1,,3,4,6,5,,,,
8,New Zealand,Uganda,Pool,KARAKA Phoenix,GD,GD,GD,GD,30,,,,,,4,1,,,,1,,4,4,,,,
8,New Zealand,Uganda,Pool,MES Bailey,,,GA,WA,28,,,,7,10,9,,,3,,,1,1,2,,,,
8,New Zealand,Uganda,Pool,NWEKE Grace,GS,GS,GS,GS,45,32,37,86,,,,1,,,5,,1,,,,2,,
8,New Zealand,Uganda,Pool,SAUNDERS Shannon,,,C,C,22,,,,6,7,,,,1,,,1,,,,,,1
8,New Zealand,Uganda,Pool,SELBY-RICKIT Te Paea,GA,GA,,GA,30,7,8,88,6,6,9,,,,1,,4,,,,1,,
8,New Zealand,Uganda,Pool,SOUNESS Whitney,C,C,C,C,38,,,,10,16,,,,,,,1,3,3,,,,
8,New Zealand,Uganda,Pool,WILSON Maia,,GA,GS,GS,30,14,15,93,4,4,,,,,,,1,,,,2,,
8,Uganda,New Zealand,Pool,ACHAN Jesca,C,C,C,C,60,,,,16,32,,,,,,,,5,2,,1,1,
8,Uganda,New Zealand,Pool,BAAGALA Margret,,,,,,,,,,,,,,,,,,,,,,,
8,Uganda,New Zealand,Pool,CHOLHOK Mary Nuba,,,GS,GS,30,19,22,86,,,,,,,1,,,,,,,,
8,Uganda,New Zealand,Pool,EYARU Irene,GA,GA,GA,GA,60,16,21,76,2,3,11,,,1,1,,3,3,2,,4,,
8,Uganda,New Zealand,Pool,HANIISHA Muhameed Nakaate,,,,,,,,,,,,,,,,,,,,,,,
8,Uganda,New Zealand,Pool,LUNKUSE Norah,,,,,,,,,,,,,,,,,,,,,,,
8,Uganda,New Zealand,Pool,NALWANJA Shaffie,GK,GK,GK,GK,60,,,,,,,2,1,3,,,4,11,4,,1,,
8,Uganda,New Zealand,Pool,NAMBIRIGE Sandra Ruth,WD,WD,WD,WD,60,,,,,,15,3,3,3,,,,10,4,,,,
8,Uganda,New Zealand,Pool,NAMPUNGU Joan,GD,GD,GD,GD,60,,,,,,16,2,,5,,,5,10,6,,1,,1
8,Uganda,New Zealand,Pool,NASSANGA Shadiah Ssegujja,,,,,,,,,,,,,,,,,,,,,,,
8,Uganda,New Zealand,Pool,OYELLA Stella,WA,WA,WA,WA,60,,,,22,39,4,,,,,,2,3,,1,1,,
8,Uganda,New Zealand,Pool,PEACE Proscovia,GS,GS,GS,,30,5,8,63,,1,,,,,1,,,,,,1,,
9,Malawi,Northern Ireland,Pool,CHIMALIRO Jane,,,,GA,17,4,4,100,,,1,,,,,,1,2,,,,,
9,Malawi,Northern Ireland,Pool,DAMBO Martha,WD,WD,WD,WD,46,,,,,1,3,6,5,1,,,1,11,2,,,,
9,Malawi,Northern Ireland,Pool,DIMBA Shira,,,,WD,16,,,,,,4,,,1,,,1,3,1,,,,
9,Malawi,Northern Ireland,Pool,GALLETA Thandie Mwale,C,C,WA,WA,49,,,,13,17,10,,,,,,1,1,3,,1,,
9,Malawi,Northern Ireland,Pool,KUMWENDA Bridget,WA,WA,WA,,31,,,,3,5,4,,,,,,,,2,,1,,
9,Malawi,Northern Ireland,Pool,KUMWENDA Mwai Jasinta,GA,GS,GS,GS,47,29,32,91,4,6,7,,,,1,,,4,,,,,
9,Malawi,Northern Ireland,Pool,LWAZI Takondwa,C,,C,C,45,,,,20,28,,1,1,,,,,,2,,1,,
9,Malawi,Northern Ireland,Pool,MTUKULE Caroline Brighton,GD,GD,GD,GD,45,,,,3,2,12,2,,1,,,4,6,5,,,,
9,Malawi,Northern Ireland,Pool,MVULA Joyce,GS,GS,,GS,37,15,19,79,2,3,,,,,2,,,3,,,1,,
9,Malawi,Northern Ireland,Pool,NGWIRA Loreen,,,,,,,,,,,,,,,,,,,,,,,
9,Malawi,Northern Ireland,Pool,SIMTOWE Sindi,,GA,GA,GA,25,6,6,100,7,9,2,,,,,,,,,,,,
9,Malawi,Northern Ireland,Pool,VINKHUMBO Towera Angela,GK,GK,GK,GK,61,,,,,,,7,4,7,,1,6,8,6,,,,1
9,Northern Ireland,Malawi,Pool,BOWMAN Jenna,,,GS,GS,9,1,3,33,,,,,,,,,,,,,,,
9,Northern Ireland,Malawi,Pool,COOPER Niamh,WD,WD,C,C,60,,,,4,7,4,3,1,2,,,2,1,3,,1,,1
9,Northern Ireland,Malawi,Pool,CROSBIE Ciara,GS,GS,GA,GA,53,18,22,82,1,3,7,,,,1,,1,2,1,,1,,
9,Northern Ireland,Malawi,Pool,DRAYNE Michelle,WA,WA,C,,43,,,,10,20,9,,,,,,,3,,1,2,,
9,Northern Ireland,Malawi,Pool,KEENAN Frances,,,,WD,,,,,,,,,,,,,,,,,,,
9,Northern Ireland,Malawi,Pool,MAGEE Emma,GA,GA,GS,GS,58,22,27,81,5,10,9,1,1,,2,,3,5,,,,,
9,Northern Ireland,Malawi,Pool,MAGEE Michelle,GK,GK,GK,GD,58,,,,,,,,,,,,1,7,3,,,,
9,Northern Ireland,Malawi,Pool,MCCANN Maria,,,,GD,2,,,,,,,,,,,,,,2,,,,
9,Northern Ireland,Malawi,Pool,MCDONALD Olivia,,,GD,GK,17,,,,,,,,,1,,,1,2,8,,,,
9,Northern Ireland,Malawi,Pool,MCGRATH Georgie,,,,,,,,,,,,,,,,,,,,,,,
9,Northern Ireland,Malawi,Pool,O'HANLON Caroline,C,C,WA,WA,60,,,,14,30,7,,,2,,,,10,1,,1,,
9,Northern Ireland,Malawi,Pool,TONER Fionnuala,GD,GD,WD,WD,60,,,,1,1,6,6,5,,,1,1,11,6,,,,1
10,South Africa,Barbados,Pool,CHAWANE Khanyisa,C,C,WA,C,52,,,,33,41,7,1,1,1,,,1,6,2,,,,
10,South Africa,Barbados,Pool,GRIESEL Izette,WA,WA,C,C,53,,,,27,38,15,1,,1,,,2,3,1,,,,
10,South Africa,Barbados,Pool,MAWENI Phumza,GK,GK,GK,,30,,,,,,,4,2,4,,,8,4,1,,,,
10,South Africa,Barbados,Pool,MDAU Tshina,WD,WD,WD,WD,45,,,,1,1,6,4,3,4,,,1,14,,,1,,
10,South Africa,Barbados,Pool,MSOMI Bongiwe,,,,,,,,,,,,,,,,,,,,,,,
10,South Africa,Barbados,Pool,RADEMAN Lefebre,GA,GA,GA,WA,45,12,16,75,15,19,12,1,1,1,2,,,2,2,,,,
10,South Africa,Barbados,Pool,SMITH Nicola,,GD,GK,GK,45,,,,,,1,8,4,4,,2,5,3,3,,,,
10,South Africa,Barbados,Pool,TALJAARD Nichole,,,GA,GA,30,18,20,90,15,15,15,1,,2,,,2,4,,,1,,
10,South Africa,Barbados,Pool,VAN DER BERG Elmere,,GS,GS,GS,45,47,49,96,,,,,,,4,,1,1,,,,,
10,South Africa,Barbados,Pool,VAN DER MERWE Shadine,,,,,,,,,,,,,,,,,,,,,,,
10,South Africa,Barbados,Pool,VENTER Ine-Mari,GS,GS,,,15,14,16,88,,,,,,,1,,,,,,,,
10,South Africa,Barbados,Pool,VIMBELA Zanele,GD,WD,GD,GD,60,,,,,,5,3,2,3,,,1,7,7,,,,
10,Barbados,South Africa,Pool,AGARD Faye Yvette,GK,GK,GK,GK,34,,,,,,,1,1,2,,,1,6,6,,,,
10,Barbados,South Africa,Pool,AZORE-BRUCE Shonette Teshome Rashan,GK,,,,12,,,,,,,,,1,,,,2,,,,,
10,Barbados,South Africa,Pool,BLACKMAN Latonia Natasha Carolann,GA,GA,GA,GA,60,21,24,88,6,9,8,,,,1,,4,2,1,,1,,
10,Barbados,South Africa,Pool,BOBB Vanessa Naomi,WD,WD,,,23,,,,,,2,,,,,,1,3,1,,,,
10,Barbados,South Africa,Pool,BROWNE Samantha Terri-ann Olivia,WA,WD,WD,WD,37,,,,3,3,7,,,1,,,1,2,,,1,,
10,Barbados,South Africa,Pool,HOLDER Brianna Makala,WA,WA,WA,WA,50,,,,13,30,19,,,,,,1,3,,1,1,1,
10,Barbados,South Africa,Pool,KIRTON Zakiya Winet,,,,WD,9,,,,,,2,,,,,,,1,1,,,,
10,Barbados,South Africa,Pool,ROCK-YAW Tonisha Claradine,C,C,C,GK,51,,,,8,10,,2,1,,,,4,6,5,,1,,
10,Barbados,South Africa,Pool,SHEPHERD Stephian Onesia Briana,,,,,,,,,,,,,,,,,,,,,,,
10,Barbados,South Africa,Pool,SMITH Sabreena Natasha,,,C,C,24,,,,1,4,,,,,,,,4,1,,,,
10,Barbados,South Africa,Pool,STOUTE Akeena Kelicia,GD,GD,GD,GD,60,,,,,,19,2,2,1,,,4,5,11,,1,,1
10,Barbados,South Africa,Pool,WHARTON Shonica Deandra,GS,GS,GS,GS,60,15,21,71,4,4,,1,1,,2,,,,,,3,,
11,Scotland,Wales,Pool,BARRIE Emma,,,GS,GS,20,15,22,68,,,,1,,,4,,1,1,,,1,,1
11,Scotland,Wales,Pool,BOYLE Kelly,,C,C,C,19,,,,6,8,,,,,,,,4,,,,1,
11,Scotland,Wales,Pool,CHRISTIAN Iona,WA,WA,WA,WA,60,,,,16,34,19,1,,3,,,3,14,,,,,
11,Scotland,Wales,Pool,CONWAY Rachel Olive,,GK,GK,GK,34,,,,,,,2,,2,,2,3,4,1,,,,
11,Scotland,Wales,Pool,GOODWIN Beth,GS,GS,GA,GA,60,20,27,74,2,5,6,1,,1,3,,2,2,,,,1,2
11,Scotland,Wales,Pool,LEIGHTON Hannah,C,C,,C,41,,,,15,21,,1,1,1,,,,1,2,,1,,
11,Scotland,Wales,Pool,LOVE Emma,,,,,,,,,,,,,,,,,,,,,,,
11,Scotland,Wales,Pool,MACPHAIL Sarah,,,,,,,,,,,,,,,,,,,,,,,
11,Scotland,Wales,Pool,MAXWELL Claire,WD,WD,WD,WD,60,,,,,1,4,2,1,2,,,4,10,1,,,1,
11,Scotland,Wales,Pool,MCCALL Niamh,GA,GA,GA,,40,7,13,54,3,5,9,,,,1,,2,2,,,2,,
11,Scotland,Wales,Pool,NICHOLL Emily,GD,GD,GD,GD,60,,,,,,5,2,1,4,,,3,15,3,,,,
11,Scotland,Wales,Pool,TAIT Lauren,GK,GK,,,26,,,,,,,,,2,,,4,7,4,,,,
11,Wales,Scotland,Pool,CREAK Betsy,GA,GA,GA,GA,60,12,16,75,13,13,6,,,,1,,3,8,1,,1,,1
11,Wales,Scotland,Pool,DRANE Suzy,C,C,C,C,60,,,,14,19,,1,,,,,4,9,,,3,,
11,Wales,Scotland,Pool,DYKE Bethan,WA,WA,WA,WA,60,,,,17,26,8,,,,,,2,5,,,2,,
11,Wales,Scotland,Pool,JONES Clare,,,,,,,,,,,,,,,,,,,,,,,
11,Wales,Scotland,Pool,JONES Nia,WD,WD,WD,WD,60,,,,,,19,2,1,3,,,4,15,,,,1,
11,Wales,Scotland,Pool,O'DWYER Shona,,,,,,,,,,,,,,,,,,,,,,,
11,Wales,Scotland,Pool,POWELL-DAVIES Ella,GD,GD,GD,GD,60,,,,,,5,2,1,4,,,1,13,1,,1,,1
11,Wales,Scotland,Pool,ROBERTS Eleanor,,,,,,,,,,,,,,,,,,,,,,,
11,Wales,Scotland,Pool,ROWE Georgia,GS,GS,GS,GS,60,36,38,95,2,3,,,,,2,,,3,,,5,,1
11,Wales,Scotland,Pool,SHAW Christina,GK,GK,GK,GK,60,,,,,,,8,1,5,,2,10,7,1,,,,
11,Wales,Scotland,Pool,THOMAS Leila,,,,,,,,,,,,,,,,,,,,,,,
11,Wales,Scotland,Pool,YARRANTON Phillipa,,,,,,,,,,,,,,,,,,,,,,,
12,Australia,South Africa,Pool,ARYANG Sunday,,,GD,GD,19,,,,,,3,1,,2,,1,,1,2,,,,
12,Australia,South Africa,Pool,AUSTIN Kiera,,,GA,GA,30,12,14,86,6,8,13,,,1,,,1,1,,,,,
12,Australia,South Africa,Pool,BRAZILL Ashleigh,WD,WD,WD,WD,45,,,,,,3,1,1,1,,,,8,1,,,,
12,Australia,South Africa,Pool,BRUCE Courtney,GK,GK,GK,GD,56,,,,,,1,5,2,6,,2,6,9,8,,,,1
12,Australia,South Africa,Pool,BUETA Gretel,GS,GS,GS,GS,45,34,34,100,2,2,,,,,,,1,,,,,,
12,Australia,South Africa,Pool,HADLEY Paige,C,C,,,24,,,,14,21,,,,,,,1,1,1,,,,
12,Australia,South Africa,Pool,KLAU Sarah,,,,GK,15,,,,,,,1,,,,,1,4,2,,,,
12,Australia,South Africa,Pool,KOENEN Cara,,,,GS,15,14,14,100,1,1,,,,,1,,,,,,1,,
12,Australia,South Africa,Pool,MOLONEY Kate,,C,C,C,36,,,,8,12,,2,1,,,,2,,3,,,,
12,Australia,South Africa,Pool,WATSON Liz,WA,WA,WA,WA,60,,,,31,39,15,,,1,,,2,8,1,,2,,
12,Australia,South Africa,Pool,WESTON Joanna,GD,GD,GD,WD,45,,,,,,10,1,1,2,,,,3,4,,,,1
12,Australia,South Africa,Pool,WOOD Steph,GA,GA,GA,,30,14,14,100,10,10,14,,,,,,2,,1,,3,,
12,South Africa,Australia,Pool,CHAWANE Khanyisa,C,C,C,C,47,,,,6,9,2,,,,,,1,1,1,,,,
12,South Africa,Australia,Pool,GRIESEL Izette,WA,WA,WA,WA,29,,,,12,14,5,,,1,,,,1,,,1,,
12,South Africa,Australia,Pool,MAWENI Phumza,GK,GK,GK,GK,50,,,,,,,3,2,2,,1,2,13,9,,,,
12,South Africa,Australia,Pool,MDAU Tshina,,WD,WD,WD,8,,,,,,2,1,1,,,,,2,1,,,,
12,South Africa,Australia,Pool,MSOMI Bongiwe,WA,WA,WA,C,53,,,,13,23,10,,,,,,2,5,,1,1,1,
12,South Africa,Australia,Pool,RADEMAN Lefebre,GA,GA,GA,,30,4,5,80,8,10,9,,,,,,1,,,,1,1,1
12,South Africa,Australia,Pool,SMITH Nicola,,GD,GD,GK,29,,,,,,1,,,1,,,2,,9,,,,
12,South Africa,Australia,Pool,TALJAARD Nichole,,,,GA,5,4,5,80,1,1,2,,,,,,,,,,,,
12,South Africa,Australia,Pool,VAN DER BERG Elmere,,,GA,GS,30,10,10,100,5,5,6,,,2,1,,1,3,2,,2,1,
12,South Africa,Australia,Pool,VAN DER MERWE Shadine,WD,WD,WD,WD,52,,,,,,9,1,1,4,,,1,4,2,,,1,
12,South Africa,Australia,Pool,VENTER Ine-Mari,GS,GS,GS,GS,55,31,38,82,2,2,,,,,,,1,,,,,,
12,South Africa,Australia,Pool,VIMBELA Zanele,GD,GD,,GD,32,,,,,,10,,,,,,,5,6,,1,,
13,Jamaica,Barbados,Pool,BECKFORD Shanice Horasha,GA,GA,GA,WA,45,12,13,92,33,35,22,,,1,,,1,1,,,1,1,
13,Jamaica,Barbados,Pool,DEHANEY Kadie-ann Alicia,GK,GK,GK,GK,60,,,,,,,4,2,2,,,4,3,4,,,,
13,Jamaica,Barbados,Pool,DIXON-ROCHESTER Nicole,,,,,,,,,,,,,,,,,,,,,,,
13,Jamaica,Barbados,Pool,FOWLER Jhaniele Karyl,,,,GS,15,24,27,89,,1,,1,,,1,,1,,,,,,
13,Jamaica,Barbados,Pool,HEMMINGS Shadian Toni-ann,,WA,C,C,30,,,,18,27,11,1,1,,,,1,3,2,,1,,
13,Jamaica,Barbados,Pool,NELSON Shimona,GS,GS,GS,GS,45,58,60,97,,,,,,2,1,,,1,1,,3,,
13,Jamaica,Barbados,Pool,ROBINSON Rebekah Theresa,,,GA,GA,30,9,9,100,22,23,9,2,2,,2,,,,1,,1,,
13,Jamaica,Barbados,Pool,STERLING Shamera Shadae,GD,GD,GD,GD,60,,,,1,1,1,15,12,2,,1,5,7,4,1,,,
13,Jamaica,Barbados,Pool,THOMAS Adean Tamesha,C,C,WA,C,60,,,,20,21,9,4,2,2,,,3,3,2,,1,,
13,Jamaica,Barbados,Pool,WARD Jodi-Ann,,,,,,,,,,,,,,,,,,,,,,,
13,Jamaica,Barbados,Pool,WILLIAMS Khadijah Amoy,WA,WA,,,15,,,,9,9,8,1,1,,,,,1,,,,,
13,Jamaica,Barbados,Pool,WILSON Latanya Amoy,WD,WD,WD,WD,60,,,,,,2,5,3,8,,,3,6,3,,,,
13,Barbados,Jamaica,Pool,AGARD Faye Yvette,GK,GK,GS,GS,32,10,12,83,,,,,,2,,,,8,3,,,,
13,Barbados,Jamaica,Pool,AZORE-BRUCE Shonette Teshome Rashan,,,,,,,,,,,,,,,,,,,,,,,
13,Barbados,Jamaica,Pool,BLACKMAN Latonia Natasha Carolann,GA,GD,GD,GA,60,3,3,100,3,4,7,,,1,1,,6,2,,,1,,1
13,Barbados,Jamaica,Pool,BOBB Vanessa Naomi,WD,WD,,,21,,,,,1,6,1,,1,,,2,5,,,1,1,
13,Barbados,Jamaica,Pool,BROWNE Samantha Terri-ann Olivia,,WD,WD,WD,31,,,,1,1,5,,,,,,,1,,1,,,
13,Barbados,Jamaica,Pool,HOLDER Brianna Makala,WA,GA,GA,WA,60,1,3,33,11,13,9,,,,2,,1,,,3,1,1,1
13,Barbados,Jamaica,Pool,KIRTON Zakiya Winet,,,,WD,14,,,,,,7,1,1,,,,,,,,,,
13,Barbados,Jamaica,Pool,ROCK-YAW Tonisha Claradine,C,C,C,GD,60,,,,3,11,3,,,,,,2,4,4,2,3,1,3
13,Barbados,Jamaica,Pool,SHEPHERD Stephian Onesia Briana,,,,,,,,,,,,,,,,,,,,,,,
13,Barbados,Jamaica,Pool,SMITH Sabreena Natasha,,WA,WA,C,39,,,,2,9,7,1,,,,,1,1,,,1,,
13,Barbados,Jamaica,Pool,STOUTE Akeena Kelicia,GD,GK,GK,GK,60,,,,,,2,1,1,1,,,5,11,3,,,,
13,Barbados,Jamaica,Pool,WHARTON Shonica Deandra,GS,GS,GS,,43,10,15,67,2,2,,,,,1,,,,1,,,,1
14,England,Northern Ireland,Pool,ALLISON Imogen,,WD,C,C,45,,,,14,16,1,,,,,,,1,,,,,
14,England,Northern Ireland,Pool,CARDWELL Eleanor,GS,GS,GS,GS,45,40,45,89,,,,,,1,2,,,,1,,1,,1
14,England,Northern Ireland,Pool,CLARKE Jade,C,C,C,WD,45,,,,7,12,2,3,1,5,,,2,5,3,,1,,
14,England,Northern Ireland,Pool,DRAKEFORD-LEWIS Sophie,WA,GA,GA,GA,45,11,12,92,14,17,14,,,,,,2,1,1,,,,
14,England,Northern Ireland,Pool,FRANCIS-BAYMAN Stacey,GD,GD,WD,WD,45,,,,,,3,3,1,1,,,3,4,1,,,,
14,England,Northern Ireland,Pool,GUSCOTH Layla,,,GD,GD,30,,,,,,,1,,5,,,1,3,,,,,
14,England,Northern Ireland,Pool,HARTEN Joanne,,,,,,,,,,,,,,,,,,,,,,,
14,England,Northern Ireland,Pool,HOUSBY Helen,GA,GA,GS,GA,45,20,20,100,6,8,8,,,2,,,,3,1,,,,
14,England,Northern Ireland,Pool,MALCOLM Laura,WD,WA,WA,,41,,,,15,21,9,1,1,1,,,2,2,,,1,,
14,England,Northern Ireland,Pool,MENTOR Geva,,,GK,GK,19,,,,,,,2,1,,,,4,2,2,,,,
14,England,Northern Ireland,Pool,METCALF Natalie,,,WA,WA,19,,,,13,17,6,1,1,,,,1,,,,,,
14,England,Northern Ireland,Pool,USORO-BROWN Eboni,GK,GK,GK,,41,,,,,,,1,,4,,1,4,5,2,,,,
14,Northern Ireland,England,Pool,BOWMAN Jenna,,,GS,GS,30,8,11,73,1,1,,,,,1,,,2,,,1,,
14,Northern Ireland,England,Pool,COOPER Niamh,WD,WD,WD,,30,,,,,,3,,,1,,,,5,1,,1,,
14,Northern Ireland,England,Pool,CROSBIE Ciara,GS,GS,GS,GA,37,8,12,67,,,1,,,,2,,,2,,,1,,
14,Northern Ireland,England,Pool,DRAYNE Michelle,WA,WA,WA,C,34,,,,9,18,6,1,,1,,,1,2,,,1,,1
14,Northern Ireland,England,Pool,KEENAN Frances,,,WA,WA,26,,,,3,7,7,,,,,,,,,,,,
14,Northern Ireland,England,Pool,MAGEE Emma,GA,GA,GA,GA,50,9,13,69,3,5,14,,,,,,5,4,,,1,,2
14,Northern Ireland,England,Pool,MAGEE Michelle,GK,GK,GD,GD,60,,,,,,3,4,2,1,,,3,10,2,,,1,
14,Northern Ireland,England,Pool,MCCANN Maria,,,,WD,3,,,,,,,,,,,,,,,,,,
14,Northern Ireland,England,Pool,MCDONALD Olivia,,,GK,GK,30,,,,,,,1,,,,,1,4,4,,,,
14,Northern Ireland,England,Pool,MCGRATH Georgie,,,,GA,4,2,2,100,,,,,,,,,,,,,,,
14,Northern Ireland,England,Pool,O'HANLON Caroline,C,C,C,WA,60,,,,9,22,1,3,1,,,,7,6,1,,3,,1
14,Northern Ireland,England,Pool,TONER Fionnuala,GD,GD,WD,WD,56,,,,,,5,,,4,,,,15,4,,1,,
15,New Zealand,Malawi,Pool,CRAMPTON Gina,WA,WA,WA,WA,45,,,,21,32,24,,,,,,,1,1,,,,1
15,New Zealand,Malawi,Pool,FITZPATRICK Sulu,GD,GD,GD,GD,30,,,,,,3,,,2,,,2,6,1,,,,
15,New Zealand,Malawi,Pool,HEFFERNAN Kate,,C,WD,WD,45,,,,4,8,2,3,2,1,,,2,4,,,,,
15,New Zealand,Malawi,Pool,JOHNSON Kayla,WD,WD,WD,,30,,,,,,4,,,,,,,1,5,,,,
15,New Zealand,Malawi,Pool,JURY Kelly,GK,GK,GK,GK,60,,,,,,,5,2,5,,1,6,11,10,,,,
15,New Zealand,Malawi,Pool,KARAKA Phoenix,,GD,GD,GD,30,,,,,,5,,,,,,1,6,5,,,,
15,New Zealand,Malawi,Pool,MES Bailey,,,,WA,15,,,,4,6,5,,,1,,,,1,,,,,
15,New Zealand,Malawi,Pool,NWEKE Grace,GS,GS,GS,GS,60,52,55,95,,,,,,,4,,,5,2,,1,1,
15,New Zealand,Malawi,Pool,SAUNDERS Shannon,,,C,C,15,,,,3,4,,1,,1,,,1,2,1,,,,
15,New Zealand,Malawi,Pool,SELBY-RICKIT Te Paea,,GA,GA,GA,45,13,15,87,20,20,15,,,,,,2,,1,,,,
15,New Zealand,Malawi,Pool,SOUNESS Whitney,C,C,,C,30,,,,15,17,,,,1,,,,4,,,,,
15,New Zealand,Malawi,Pool,WILSON Maia,GA,GA,,,15,4,5,80,2,2,1,,,,,,,,,,,,
15,Malawi,New Zealand,Pool,CHIMALIRO Jane,,,GA,GA,21,5,6,83,2,3,2,1,,1,,,3,3,,,,,
15,Malawi,New Zealand,Pool,DAMBO Martha,WD,WD,WD,WD,60,,,,,,3,,,,,,,5,1,,1,,
15,Malawi,New Zealand,Pool,DIMBA Shira,,,,WD,5,,,,,,4,,,,,,,1,,,,,
15,Malawi,New Zealand,Pool,GALLETA Thandie Mwale,WA,WA,WA,C,54,,,,16,31,9,1,,,,,2,3,1,,2,,1
15,Malawi,New Zealand,Pool,KUMWENDA Bridget,,,WA,WA,9,,,,3,5,5,,,,,,2,,,,,,
15,Malawi,New Zealand,Pool,KUMWENDA Mwai Jasinta,GS,GS,GS,,35,27,31,87,1,2,,,,,2,,,3,,,2,,
15,Malawi,New Zealand,Pool,LWAZI Takondwa,C,C,C,C,57,,,,11,28,,,,1,,,1,3,2,1,1,,
15,Malawi,New Zealand,Pool,MTUKULE Caroline Brighton,,,,,,,,,,,,,,,,,,,,,,,
15,Malawi,New Zealand,Pool,MVULA Joyce,,,GS,GS,25,14,17,82,,,,,,,3,,,,1,1,3,,
15,Malawi,New Zealand,Pool,NGWIRA Loreen,GK,GK,GK,GK,60,,,,,,,2,1,1,,,3,9,8,,,,
15,Malawi,New Zealand,Pool,SIMTOWE Sindi,GA,GA,GA,,39,4,4,100,11,12,5,,,,,,,,1,,,,
15,Malawi,New Zealand,Pool,VINKHUMBO Towera Angela,GD,GD,GD,GD,55,,,,3,4,27,1,1,2,,,2,7,2,,,,
16,Uganda,Trinidad and Tobago,Pool,ACHAN Jesca,C,C,,C,41,,,,5,7,,,,4,,,1,3,1,,1,,
16,Uganda,Trinidad and Tobago,Pool,BAAGALA Margret,,C,C,C,19,,,,9,14,,,,,,,2,3,,1,,,
16,Uganda,Trinidad and Tobago,Pool,CHOLHOK Mary Nuba,GS,GS,GS,GS,45,28,32,88,5,4,,2,1,,1,,1,1,1,,1,2,
16,Uganda,Trinidad and Tobago,Pool,EYARU Irene,GA,GA,,GA,30,9,11,82,3,2,6,1,1,1,,,,,1,,,,
16,Uganda,Trinidad and Tobago,Pool,HANIISHA Muhameed Nakaate,,GA,GK,GK,20,,,,1,,,1,,,,1,1,4,3,,,,
16,Uganda,Trinidad and Tobago,Pool,LUNKUSE Norah,,WA,WA,WA,19,,,,11,6,3,,,,,,,,,,,,
16,Uganda,Trinidad and Tobago,Pool,NALWANJA Shaffie,GK,GK,GK,WD,55,,,,,,,6,3,2,,1,5,3,2,,,,
16,Uganda,Trinidad and Tobago,Pool,NAMBIRIGE Sandra Ruth,WD,WD,WD,WD,45,,,,,,1,2,,2,,,2,2,2,,,,
16,Uganda,Trinidad and Tobago,Pool,NAMPUNGU Joan,GD,GD,GD,GD,60,,,,,1,5,7,2,6,,3,6,9,2,,,,
16,Uganda,Trinidad and Tobago,Pool,NASSANGA Shadiah Ssegujja,,GA,GA,GS,45,25,25,100,13,14,7,1,1,,,,,4,1,,3,,
16,Uganda,Trinidad and Tobago,Pool,OYELLA Stella,WA,WA,,WA,41,,,,12,25,17,,,3,,,3,4,,,2,,
16,Uganda,Trinidad and Tobago,Pool,PEACE Proscovia,,,,,,,,,,,,,,,,,,,,,,,
16,Trinidad and Tobago,Uganda,Pool,BAPTISTE Aniecia,GD,GD,C,C,50,,,,,1,1,1,1,2,,,1,5,2,,3,,
16,Trinidad and Tobago,Uganda,Pool,BRUNO Tia,,,WD,WD,30,,,,,,1,1,,3,,,2,5,,,,,2
16,Trinidad and Tobago,Uganda,Pool,CASSIMY Janeisha,WA,WA,WA,WA,50,,,,9,18,15,,,,,,2,3,1,,4,,
16,Trinidad and Tobago,Uganda,Pool,COOPER Joelisa,GA,GA,GA,GA,51,8,13,62,9,13,6,,,1,1,,,2,1,,,,
16,Trinidad and Tobago,Uganda,Pool,DILLON Tianna,,,,,,,,,,,,,,,,,,,,,,,
16,Trinidad and Tobago,Uganda,Pool,DOUGLAS Oprah,,WA,C,,18,,,,8,13,4,,,,,,1,4,,,1,,
16,Trinidad and Tobago,Uganda,Pool,GREENE Shaquanda,GK,GK,GK,GD,60,,,,,,3,9,4,2,,2,8,16,1,,,,
16,Trinidad and Tobago,Uganda,Pool,HAGLEY Faith,C,C,C,,23,,,,2,4,,1,,1,,,4,1,,1,,,
16,Trinidad and Tobago,Uganda,Pool,HOLLINGSWORTH Tahirah,GA,,,,9,,,,,,,,,1,,,,,,,,,
16,Trinidad and Tobago,Uganda,Pool,MCEACHRANE Jeresia,WD,WD,GD,GK,60,,,,,,5,3,3,3,,,4,9,2,2,,1,
16,Trinidad and Tobago,Uganda,Pool,NOEL Afeisha,GS,GS,GS,GS,60,20,23,87,,1,1,,,,1,,,4,1,,3,,
16,Trinidad and Tobago,Uganda,Pool,SEEMUNGAL Shantel,WA,,,,9,,,,,1,3,,,1,,,,1,,1,1,,
17,Australia,Wales,Pool,ARYANG Sunday,WD,WD,WD,WD,30,,,,,,1,1,,2,,,1,2,,,,,
17,Australia,Wales,Pool,AUSTIN Kiera,,WA,WA,WA,45,,,,25,26,14,1,,4,,,3,2,1,,1,,1
17,Australia,Wales,Pool,BRAZILL Ashleigh,C,WD,WD,,30,,,,7,8,1,3,2,1,,,2,4,,,1,,
17,Australia,Wales,Pool,BRUCE Courtney,GD,GD,GD,,30,,,,,,7,3,3,6,,,1,3,5,,,,
17,Australia,Wales,Pool,BUETA Gretel,GA,GA,GA,GA,45,26,27,96,5,10,16,,,3,,,4,4,1,,,,
17,Australia,Wales,Pool,HADLEY Paige,,,,,,,,,,,,,,,,,,,,,,,
17,Australia,Wales,Pool,KLAU Sarah,GK,GK,GK,GK,60,,,,,,,9,3,7,,2,9,11,5,,,,
17,Australia,Wales,Pool,KOENEN Cara,GS,GS,GS,GS,60,49,54,91,4,5,,3,1,1,3,,3,2,,,1,,
17,Australia,Wales,Pool,MOLONEY Kate,,C,C,WD,45,,,,11,15,1,,,1,,,1,3,3,1,2,,
17,Australia,Wales,Pool,WATSON Liz,WA,WA,,C,30,,,,17,20,3,,,2,,,1,3,1,,1,,
17,Australia,Wales,Pool,WESTON Joanna,,,GD,GD,30,,,,,,2,5,2,2,,3,,6,2,,,,
17,Australia,Wales,Pool,WOOD Steph,,,GA,GA,15,4,4,100,8,8,6,1,1,,,,,,2,,,,
17,Wales,Australia,Pool,CREAK Betsy,GA,GA,GA,,30,11,11,100,3,3,7,,,,,,2,,1,,1,,
17,Wales,Australia,Pool,DRANE Suzy,C,C,C,,30,,,,2,3,,1,1,1,,,1,,1,,3,,1
17,Wales,Australia,Pool,DYKE Bethan,WA,WA,WA,,34,,,,9,13,8,,,,,,2,3,,,1,,1
17,Wales,Australia,Pool,JONES Clare,,WD,C,C,35,,,,1,2,1,1,1,1,,,1,2,1,1,1,,
17,Wales,Australia,Pool,JONES Nia,WD,WD,WD,WD,45,,,,,2,13,1,,,,,4,7,,,,,1
17,Wales,Australia,Pool,O'DWYER Shona,,WA,WA,WA,28,,,,4,8,2,,,,,,6,1,,,,,
17,Wales,Australia,Pool,POWELL-DAVIES Ella,GD,GD,GD,GD,52,,,,,,4,1,1,6,,,2,16,10,,,,
17,Wales,Australia,Pool,ROBERTS Eleanor,,,GA,GA,30,6,11,55,6,7,2,1,,,,,3,,,,2,,
17,Wales,Australia,Pool,ROWE Georgia,GS,GS,GS,GS,60,16,18,89,1,1,,,,,2,,,1,,,1,1,
17,Wales,Australia,Pool,SHAW Christina,GK,GK,GK,GK,48,,,,,,,2,1,3,,,6,3,13,,,,
17,Wales,Australia,Pool,THOMAS Leila,,,GD,GK,20,,,,,,,1,1,1,,,,5,6,,,,
17,Wales,Australia,Pool,YARRANTON Phillipa,,,WA,,8,,,,1,1,2,,,,,,,1,,,,,
18,Jamaica,Scotland,Pool,BECKFORD Shanice Horasha,,,GA,GA,30,5,6,83,11,12,12,,,,,,2,1,,,,,1
18,Jamaica,Scotland,Pool,DEHANEY Kadie-ann Alicia,,GK,GD,GD,45,,,,,,4,5,,4,,3,4,2,5,,1,,
18,Jamaica,Scotland,Pool,DIXON-ROCHESTER Nicole,,WA,C,C,39,,,,15,19,1,1,1,2,,,,6,,,,,1
18,Jamaica,Scotland,Pool,FOWLER Jhaniele Karyl,GS,GS,GS,,30,37,37,100,4,4,,,,,2,,,,,,2,,
18,Jamaica,Scotland,Pool,HEMMINGS Shadian Toni-ann,,,WD,WA,30,,,,7,9,2,1,,,,,1,4,,,,,
18,Jamaica,Scotland,Pool,NELSON Shimona,,,GS,GS,30,33,35,94,1,1,,,,,3,,,,,,,,
18,Jamaica,Scotland,Pool,ROBINSON Rebekah Theresa,GA,GA,GA,,30,3,6,50,8,11,11,,,1,,,2,,,,,,
18,Jamaica,Scotland,Pool,STERLING Shamera Shadae,GK,GK,GK,GK,45,,,,,,,10,5,8,,4,9,2,1,,2,,
18,Jamaica,Scotland,Pool,THOMAS Adean Tamesha,C,C,WA,WA,45,,,,18,21,4,1,,1,,,1,4,2,,1,,1
18,Jamaica,Scotland,Pool,WARD Jodi-Ann,WD,WD,WD,WD,45,,,,1,1,7,4,2,7,,,3,5,,,1,,
18,Jamaica,Scotland,Pool,WILLIAMS Khadijah Amoy,WA,WA,,,21,,,,12,13,5,,,,,,,2,,,,,
18,Jamaica,Scotland,Pool,WILSON Latanya Amoy,GD,GD,GD,,30,,,,1,1,5,1,,3,,1,,1,2,,,,
18,Scotland,Jamaica,Pool,BARRIE Emma,,,GS,GS,30,12,17,71,,,,,,,,,2,,,,1,1,
18,Scotland,Jamaica,Pool,BOYLE Kelly,,C,C,C,30,,,,5,12,,,,,,,1,3,,,1,,
18,Scotland,Jamaica,Pool,CHRISTIAN Iona,WA,WA,WA,WA,45,,,,9,15,25,,,2,,,5,6,,,1,,1
18,Scotland,Jamaica,Pool,CONWAY Rachel Olive,,,GK,GK,30,,,,,,,2,1,3,,,2,5,,,,,
18,Scotland,Jamaica,Pool,GOODWIN Beth,GS,GS,GA,GA,45,18,19,95,2,4,6,,,,,,,1,1,,2,,
18,Scotland,Jamaica,Pool,LEIGHTON Hannah,C,C,,C,30,,,,7,11,,,,1,,,1,2,,,1,,
18,Scotland,Jamaica,Pool,LOVE Emma,,,WA,WA,15,,,,2,2,3,,,,,,2,1,,,2,,
18,Scotland,Jamaica,Pool,MACPHAIL Sarah,,GD,WD,GD,45,,,,,,4,1,1,1,,,1,2,3,,,,
18,Scotland,Jamaica,Pool,MAXWELL Claire,WD,WD,WD,WD,45,,,,1,1,7,,,1,,,1,9,1,,1,,
18,Scotland,Jamaica,Pool,MCCALL Niamh,GA,GA,GA,GA,45,4,8,50,4,8,4,,,,,,7,2,,,1,,
18,Scotland,Jamaica,Pool,NICHOLL Emily,GD,GD,GD,GD,30,,,,,,2,,,,,,1,4,4,,,1,
18,Scotland,Jamaica,Pool,TAIT Lauren,GK,GK,GK,,30,,,,,,,,,,,,2,7,6,,,,
19,England,Uganda,Pool,ALLISON Imogen,,WD,WD,WD,25,,,,,,3,,,,,,2,3,,,,,
19,England,Uganda,Pool,CARDWELL Eleanor,GS,GS,GA,GA,45,27,30,90,2,2,5,1,1,,1,,2,5,,,1,,
19,England,Uganda,Pool,CLARKE Jade,C,C,C,WD,39,,,,8,11,,1,,,,,1,5,1,,,,
19,England,Uganda,Pool,DRAKEFORD-LEWIS Sophie,,,,WA,6,,,,3,6,1,2,,1,,,2,,,,,,
19,England,Uganda,Pool,FRANCIS-BAYMAN Stacey,WD,WD,,GD,30,,,,,1,2,,,1,,,,2,2,,1,,
19,England,Uganda,Pool,GUSCOTH Layla,GD,GD,GD,GD,55,,,,,,2,3,1,4,,1,1,12,1,,,,
19,England,Uganda,Pool,HARTEN Joanne,,,GS,GS,30,14,17,82,4,4,,,,,,,,,,,1,,
19,England,Uganda,Pool,HOUSBY Helen,GA,GA,GA,GA,45,15,15,100,8,8,17,1,1,2,,,2,1,4,,2,1,
19,England,Uganda,Pool,MALCOLM Laura,,,C,C,30,,,,10,14,,,,1,,,1,6,,,1,,
19,England,Uganda,Pool,MENTOR Geva,GK,GK,GK,GK,45,,,,,,,5,2,4,,1,5,6,5,,,,
19,England,Uganda,Pool,METCALF Natalie,WA,WA,WA,WA,55,,,,19,29,13,,,2,,,3,3,,,,,
19,England,Uganda,Pool,USORO-BROWN Eboni,,,,GK,15,,,,,,,1,,,,,1,4,,,,,
19,Uganda,England,Pool,ACHAN Jesca,C,C,WA,WA,51,,,,7,12,,,,,,,,3,,,,,1
19,Uganda,England,Pool,BAAGALA Margret,,,C,C,21,,,,7,11,,,,1,,,,4,1,,,,
19,Uganda,England,Pool,CHOLHOK Mary Nuba,,GS,GS,GS,19,6,7,86,2,2,,,,,1,,,,,,1,,
19,Uganda,England,Pool,EYARU Irene,GA,GA,GA,GA,45,12,14,86,5,8,13,,,1,,,1,2,3,,1,,
19,Uganda,England,Pool,HANIISHA Muhameed Nakaate,,,,GK,15,,,,,,,1,,,,1,,3,3,,,,
19,Uganda,England,Pool,LUNKUSE Norah,,,,WA,9,,,,2,3,3,,,,,,,,,,,,
19,Uganda,England,Pool,NALWANJA Shaffie,GK,GK,GK,WD,60,,,,,,3,5,3,3,,,6,23,2,,1,,
19,Uganda,England,Pool,NAMBIRIGE Sandra Ruth,WD,WD,WD,WD,45,,,,,,1,,,3,,,2,7,4,,,,
19,Uganda,England,Pool,NAMPUNGU Joan,GD,GD,GD,GD,60,,,,,,9,3,1,2,,,3,13,10,,2,,1
19,Uganda,England,Pool,NASSANGA Shadiah Ssegujja,,,GS,GA,30,9,12,75,3,4,4,,,,,,,2,,1,,,
19,Uganda,England,Pool,OYELLA Stella,WA,WA,WA,,39,,,,7,13,9,2,2,1,,,4,1,,,1,,1
19,Uganda,England,Pool,PEACE Proscovia,GS,GS,,,26,8,9,89,,1,,,,,1,,,1,1,,,,
20,New Zealand,Trinidad and Tobago,Pool,BAPTISTE Aniecia,GD,GD,GD,,39,,,,,,7,,,1,,,,4,6,,1,,1
20,New Zealand,Trinidad and Tobago,Pool,BRUNO Tia,,,,,,,,,,,,,,,,,,,,,,,
20,New Zealand,Trinidad and Tobago,Pool,CASSIMY Janeisha,,WD,WD,WD,37,,,,,,1,,,,,,,9,,1,,1,
20,New Zealand,Trinidad and Tobago,Pool,COOPER Joelisa,GA,GA,GA,GA,60,13,15,87,6,6,2,,,,,,3,1,2,,2,,1
20,New Zealand,Trinidad and Tobago,Pool,DILLON Tianna,,,,,,,,,,,,,,,,,,,,,,,
20,New Zealand,Trinidad and Tobago,Pool,DOUGLAS Oprah,C,C,,,25,,,,1,2,,1,,,,,3,1,1,,2,,1
20,New Zealand,Trinidad and Tobago,Pool,GREENE Shaquanda,GK,GK,GK,GK,60,,,,,,,2,1,3,,,2,11,7,,,,
20,New Zealand,Trinidad and Tobago,Pool,HAGLEY Faith,,C,C,C,35,,,,5,8,,1,,,,,3,4,1,,2,,1
20,New Zealand,Trinidad and Tobago,Pool,HOLLINGSWORTH Tahirah,,,,,,,,,,,,,,,,,,,,,,,
20,New Zealand,Trinidad and Tobago,Pool,MCEACHRANE Jeresia,WD,WD,GD,GD,44,,,,,,6,1,,1,,1,1,8,3,,2,,1
20,New Zealand,Trinidad and Tobago,Pool,NOEL Afeisha,GS,GS,GS,GS,60,11,12,92,2,2,,,,,1,,,,,,,1,
20,New Zealand,Trinidad and Tobago,Pool,SEEMUNGAL Shantel,WA,WA,WA,WA,60,,,,8,14,25,,,,,,3,2,,1,2,,
20,Trinidad and Tobago,New Zealand,Pool,BAPTISTE Aniecia,GD,GD,GD,,39,,,,,,7,,,1,,,,4,6,,1,,1
20,Trinidad and Tobago,New Zealand,Pool,BRUNO Tia,,,,,,,,,,,,,,,,,,,,,,,
20,Trinidad and Tobago,New Zealand,Pool,CASSIMY Janeisha,,WD,WD,WD,37,,,,,,1,,,,,,,9,,1,,1,
20,Trinidad and Tobago,New Zealand,Pool,COOPER Joelisa,GA,GA,GA,GA,60,13,15,87,6,6,2,,,,,,3,1,2,,2,,1
20,Trinidad and Tobago,New Zealand,Pool,DILLON Tianna,,,,,,,,,,,,,,,,,,,,,,,
20,Trinidad and Tobago,New Zealand,Pool,DOUGLAS Oprah,C,C,,,25,,,,1,2,,1,,,,,3,1,1,,2,,1
20,Trinidad and Tobago,New Zealand,Pool,GREENE Shaquanda,GK,GK,GK,GK,60,,,,,,,2,1,3,,,2,11,7,,,,
20,Trinidad and Tobago,New Zealand,Pool,HAGLEY Faith,,C,C,C,35,,,,5,8,,1,,,,,3,4,1,,2,,1
20,Trinidad and Tobago,New Zealand,Pool,HOLLINGSWORTH Tahirah,,,,,,,,,,,,,,,,,,,,,,,
20,Trinidad and Tobago,New Zealand,Pool,"MC,EACHRANE Jeresia",WD,WD,GD,GD,44,,,,,,6,1,,1,,1,1,8,3,,2,,1
20,Trinidad and Tobago,New Zealand,Pool,NOEL Afeisha,GS,GS,GS,GS,60,11,12,92,2,2,,,,,1,,,,,,,1,
20,Trinidad and Tobago,New Zealand,Pool,SEEMUNGAL Shantel,WA,WA,WA,WA,60,,,,8,14,25,,,,,,3,2,,1,2,,
21,South Africa,Wales,Pool,CHAWANE Khanyisa,WD,C,C,C,49,,,,14,19,3,3,,1,,,3,9,,,,,
21,South Africa,Wales,Pool,GRIESEL Izette,C,C,,C,26,,,,7,11,,,,,,,,1,1,,,,1
21,South Africa,Wales,Pool,MAWENI Phumza,GK,GK,GK,GK,49,,,,,,,4,,5,,3,5,10,9,,,,
21,South Africa,Wales,Pool,MDAU Tshina,,,,WD,15,,,,,,5,,,1,,,1,5,1,,1,,
21,South Africa,Wales,Pool,MSOMI Bongiwe,WA,WA,WA,WA,45,,,,22,25,20,1,,1,,,1,,,,4,,
21,South Africa,Wales,Pool,RADEMAN Lefebre,,,,WA,15,,,,3,4,7,,,,,,2,2,,,,,
21,South Africa,Wales,Pool,SMITH Nicola,,GD,GD,GK,45,,,,,,4,6,,3,,4,2,5,3,,,,
21,South Africa,Wales,Pool,TALJAARD Nichole,,,,GA,15,1,1,100,8,8,4,,,,,,,2,,,,1,
21,South Africa,Wales,Pool,VAN DER BERG Elmere,GA,GA,GA,GS,60,35,39,90,7,9,9,1,1,1,2,,,5,2,,2,,
21,South Africa,Wales,Pool,VAN DER MERWE Shadine,,WD,WD,WD,30,,,,,,3,,,3,,,1,5,1,,1,,
21,South Africa,Wales,Pool,VENTER Ine-Mari,GS,GS,GS,GA,45,33,36,92,7,7,,,,,3,,,,,,,,
21,South Africa,Wales,Pool,VIMBELA Zanele,GD,GD,,GD,26,,,,,,4,,,1,,,,5,5,,,,
21,Wales,South Africa,Pool,CREAK Betsy,GA,GA,GS,GS,60,26,37,70,8,10,10,,,,,,3,1,1,,1,,1
21,Wales,South Africa,Pool,DRANE Suzy,C,C,C,,43,,,,10,13,,,,,,,1,2,1,,,,
21,Wales,South Africa,Pool,DYKE Bethan,WA,WA,WA,WA,60,,,,20,42,29,,,,,,3,4,,,1,,
21,Wales,South Africa,Pool,JONES Clare,,,C,C,17,,,,4,6,,1,1,,,,,,1,,,,
21,Wales,South Africa,Pool,JONES Nia,WD,WD,WD,WD,60,,,,1,1,15,3,3,1,,,2,10,,,1,,1
21,Wales,South Africa,Pool,O'DWYER Shona,,,,,,,,,,,,,,,,,,,,,,,
21,Wales,South Africa,Pool,POWELL-DAVIES Ella,GD,GD,GD,GD,49,,,,,,,1,1,1,,,2,4,2,,,,
21,Wales,South Africa,Pool,ROBERTS Eleanor,,,GA,GA,17,4,5,80,4,8,3,,,,,,2,,,,1,,
21,Wales,South Africa,Pool,ROWE Georgia,GS,GS,GS,,43,21,25,84,1,1,,,,,3,,,2,,,1,,1
21,Wales,South Africa,Pool,SHAW Christina,GK,GK,GK,,38,,,,,,,,,1,,,4,1,2,,,,
21,Wales,South Africa,Pool,THOMAS Leila,,GD,GK,GK,33,,,,,,,1,,,,1,,4,2,,,,
21,Wales,South Africa,Pool,YARRANTON Phillipa,,,,,,,,,,,,,,,,,,,,,,,
22,Uganda,Northern Ireland,Pool,ACHAN Jesca,,,C,C,15,,,,2,3,,1,1,,,,,1,3,,,,
22,Uganda,Northern Ireland,Pool,BAAGALA Margret,C,C,C,C,45,,,,12,17,,1,,,,,3,4,,,,,
22,Uganda,Northern Ireland,Pool,CHOLHOK Mary Nuba,GS,GS,GS,GS,60,41,46,89,3,4,,,,,2,,,1,2,,,,
22,Uganda,Northern Ireland,Pool,EYARU Irene,GA,GA,GA,,30,8,9,89,2,5,4,,,,,,,2,3,,1,1,
22,Uganda,Northern Ireland,Pool,HANIISHA Muhameed Nakaate,,,,GK,15,,,,,,,2,1,4,,1,,3,,,,,
22,Uganda,Northern Ireland,Pool,LUNKUSE Norah,,,,WA,15,,,,4,6,4,,,,,,,,1,,,,
22,Uganda,Northern Ireland,Pool,NALWANJA Shaffie,GK,GK,GK,GK,45,,,,,,,7,2,5,,1,6,5,2,,,,
22,Uganda,Northern Ireland,Pool,NAMBIRIGE Sandra Ruth,WD,WD,WD,WD,60,,,,,,6,1,,5,,,4,7,4,,,,
22,Uganda,Northern Ireland,Pool,NAMPUNGU Joan,GD,GD,GD,GD,60,,,,,,8,6,1,3,,2,5,5,5,,1,,
22,Uganda,Northern Ireland,Pool,NASSANGA Shadiah Ssegujja,,,GA,GA,30,14,15,93,15,16,7,,,,1,,3,1,,,,,
22,Uganda,Northern Ireland,Pool,OYELLA Stella,WA,WA,WA,WA,45,,,,24,28,9,1,1,,,,1,2,,,1,,
22,Uganda,Northern Ireland,Pool,PEACE Proscovia,,,,,,,,,,,,,,,,,,,,,,,
22,Northern Ireland,Uganda,Pool,BOWMAN Jenna,,GS,GS,GS,17,2,8,25,,,,,,,2,,,2,,,,,
22,Northern Ireland,Uganda,Pool,COOPER Niamh,WD,WD,WD,WD,45,,,,1,1,1,,,2,,,1,6,5,,,,
22,Northern Ireland,Uganda,Pool,CROSBIE Ciara,GS,GA,GA,GA,52,14,20,70,1,2,7,,,2,1,,1,5,4,,1,,
22,Northern Ireland,Uganda,Pool,DRAYNE Michelle,WA,WA,C,C,38,,,,8,22,7,,,1,,,1,3,,,,1,1
22,Northern Ireland,Uganda,Pool,KEENAN Frances,,WA,WA,WA,23,,,,1,4,13,,,,,,,1,1,,,,1
22,Northern Ireland,Uganda,Pool,MAGEE Emma,GA,GA,GS,GS,43,7,11,64,5,7,4,,,1,,,,6,2,,1,,
22,Northern Ireland,Uganda,Pool,MAGEE Michelle,GK,GK,GD,GD,55,,,,,,,7,4,4,,1,4,9,3,1,,,
22,Northern Ireland,Uganda,Pool,MCCANN Maria,,,,GD,5,,,,,,1,,,1,,,,1,2,,,,
22,Northern Ireland,Uganda,Pool,MCDONALD Olivia,,,GK,GK,30,,,,,,,1,,,,1,,6,2,,,,
22,Northern Ireland,Uganda,Pool,MCGRATH Georgie,,,,GA,8,3,5,60,1,1,,,,,,,2,1,,,,,
22,Northern Ireland,Uganda,Pool,O'HANLON Caroline,C,C,WA,WA,52,,,,7,21,11,,,2,,,1,5,6,,,,
22,Northern Ireland,Uganda,Pool,TONER Fionnuala,GD,GD,WD,WD,52,,,,,,,2,1,1,,1,1,9,2,,,,
23,Scotland,Barbados,Pool,BARRIE Emma,,,GS,GS,30,20,25,80,,,,,,,1,,,1,1,,,,
23,Scotland,Barbados,Pool,BOYLE Kelly,,,C,C,30,,,,11,13,,1,1,,,,1,2,,,,,
23,Scotland,Barbados,Pool,CHRISTIAN Iona,WA,WA,WA,,30,,,,15,26,14,1,1,,,,1,3,,,1,,
23,Scotland,Barbados,Pool,CONWAY Rachel Olive,,,GK,GK,30,,,,,,,4,2,,,2,2,5,,,1,,
23,Scotland,Barbados,Pool,GOODWIN Beth,GS,GS,GS,GA,45,30,34,88,9,12,4,1,1,,1,,2,5,1,,,,
23,Scotland,Barbados,Pool,LEIGHTON Hannah,C,C,C,WD,45,,,,15,22,,2,2,1,,,2,3,,,1,,1
23,Scotland,Barbados,Pool,LOVE Emma,,,WA,WA,30,,,,12,19,13,,,,,,2,3,1,,2,,
23,Scotland,Barbados,Pool,MACPHAIL Sarah,,,WD,GD,30,,,,,,1,,,2,,,,3,2,,,,
23,Scotland,Barbados,Pool,MAXWELL Claire,WD,WD,WD,,30,,,,,,2,1,1,,,,,5,1,,,,
23,Scotland,Barbados,Pool,MCCALL Niamh,GA,GA,GA,GA,45,22,25,88,10,13,12,2,2,,,,3,5,,,1,,
23,Scotland,Barbados,Pool,NICHOLL Emily,GD,GD,GD,GD,45,,,,,,4,5,4,2,,1,2,11,1,,,,
23,Scotland,Barbados,Pool,TAIT Lauren,GK,GK,GK,,30,,,,,,,2,,1,,1,6,5,2,,,,
23,Barbados,Scotland,Pool,AGARD Faye Yvette,,GS,GS,GS,41,19,23,83,,1,,,,1,1,,,4,1,,2,,
23,Barbados,Scotland,Pool,AZORE-BRUCE Shonette Teshome Rashan,GK,GK,GK,GK,60,,,,,,,8,1,7,,5,5,9,9,,1,,1
23,Barbados,Scotland,Pool,BLACKMAN Latonia Natasha Carolann,GA,WA,WA,GA,60,,,,11,14,7,,,,,,,,,,1,1,1
23,Barbados,Scotland,Pool,BOBB Vanessa Naomi,WD,,,WD,18,,,,,,2,,,,,,2,4,1,,,,
23,Barbados,Scotland,Pool,BROWNE Samantha Terri-ann Olivia,WD,WD,WD,WA,33,,,,2,3,8,,,,,,,3,,,1,1,
23,Barbados,Scotland,Pool,HOLDER Brianna Makala,WA,GA,GA,GA,53,4,6,67,3,6,6,1,,,,,2,7,,,3,,
23,Barbados,Scotland,Pool,KIRTON Zakiya Winet,,,,,,,,,,,,,,,,,,,,,,,
23,Barbados,Scotland,Pool,ROCK-YAW Tonisha Claradine,C,C,WD,GD,43,,,,2,3,9,,,2,,,2,9,3,1,3,1,1
23,Barbados,Scotland,Pool,SHEPHERD Stephian Onesia Briana,C,C,,,14,,,,3,4,,,,,,,,1,,,,,1
23,Barbados,Scotland,Pool,SMITH Sabreena Natasha,,,C,C,30,,,,4,6,,,,,,,1,3,,,,,
23,Barbados,Scotland,Pool,STOUTE Akeena Kelicia,GD,GD,GD,GD,49,,,,,,7,3,2,3,,1,,5,8,,,,
23,Barbados,Scotland,Pool,WHARTON Shonica Deandra,GS,GS,,,19,5,8,63,,,,,,,,,,1,,,,,
24,Malawi,Trinidad and Tobago,Pool,CHIMALIRO Jane,,GA,GA,GA,45,16,16,100,6,9,17,2,2,,1,,3,3,,1,1,,
24,Malawi,Trinidad and Tobago,Pool,DAMBO Martha,WD,WD,WD,WD,60,,,,,,3,5,2,1,,,4,9,,,,,
24,Malawi,Trinidad and Tobago,Pool,DIMBA Shira,,,,C,15,,,,3,5,,,,1,,,,2,,,,,
24,Malawi,Trinidad and Tobago,Pool,GALLETA Thandie Mwale,C,C,C,WA,50,,,,26,26,1,1,1,2,,,2,5,,,1,,
24,Malawi,Trinidad and Tobago,Pool,KUMWENDA Bridget,WA,WA,WA,WA,45,,,,19,27,11,,,1,,,2,4,2,,,,
24,Malawi,Trinidad and Tobago,Pool,KUMWENDA Mwai Jasinta,GS,GS,GS,,30,27,28,96,2,2,,,,1,,,1,1,,,1,,
24,Malawi,Trinidad and Tobago,Pool,LWAZI Takondwa,,,,,,,,,,,,,,,,,,,,,,,
24,Malawi,Trinidad and Tobago,Pool,MTUKULE Caroline Brighton,GD,GD,GD,GD,54,,,,2,3,4,2,,3,,1,5,4,2,,1,,
24,Malawi,Trinidad and Tobago,Pool,MVULA Joyce,,,GS,GS,30,22,26,85,,1,,,,,1,,2,2,,,2,,
24,Malawi,Trinidad and Tobago,Pool,NGWIRA Loreen,,,GK,GK,21,,,,,,,,,2,,,,1,4,,,,
24,Malawi,Trinidad and Tobago,Pool,SIMTOWE Sindi,GA,GA,,GA,25,5,6,83,6,7,7,,,,,,2,2,,,,,1
24,Malawi,Trinidad and Tobago,Pool,VINKHUMBO Towera Angela,GK,GK,GD,GD,45,,,,,,1,7,5,2,,1,1,5,6,,,,
24,Trinidad and Tobago,Malawi,Pool,BAPTISTE Aniecia,WD,GD,GD,GD,60,,,,,,15,1,,6,,,3,14,5,,1,,
24,Trinidad and Tobago,Malawi,Pool,BRUNO Tia,,,,WD,15,,,,,,,,,1,,,1,1,1,,,,
24,Trinidad and Tobago,Malawi,Pool,CASSIMY Janeisha,WA,WD,WD,C,34,,,,4,6,1,,,,,,1,4,,,1,,1
24,Trinidad and Tobago,Malawi,Pool,COOPER Joelisa,GA,,GS,GA,39,2,4,50,7,9,4,,,,,,1,2,,,2,,1
24,Trinidad and Tobago,Malawi,Pool,DILLON Tianna,,,,,,,,,,,,,,,,,,,,,,,
24,Trinidad and Tobago,Malawi,Pool,DOUGLAS Oprah,C,,C,C,24,,,,6,6,,,,,,,1,4,,,1,,
24,Trinidad and Tobago,Malawi,Pool,GREENE Shaquanda,GK,GK,GK,GK,60,,,,,,,3,,7,,1,5,15,5,,,,
24,Trinidad and Tobago,Malawi,Pool,HAGLEY Faith,C,C,C,C,31,,,,5,9,,1,1,,,,,2,,,,,
24,Trinidad and Tobago,Malawi,Pool,HOLLINGSWORTH Tahirah,GA,GA,WA,WA,36,5,9,56,4,5,2,,,,,,3,,,,2,1,
24,Trinidad and Tobago,Malawi,Pool,MCEACHRANE Jeresia,GD,WD,WD,WD,25,,,,,,3,1,,3,,,1,2,4,,,,
24,Trinidad and Tobago,Malawi,Pool,NOEL Afeisha,GS,GS,GA,GS,60,23,26,88,1,1,,,,,5,,,3,,,1,,
24,Trinidad and Tobago,Malawi,Pool,SEEMUNGAL Shantel,WA,WA,WA,WA,36,,,,1,10,9,,,,,,1,,,,2,,1
25,Australia,Jamaica,Pool,ARYANG Sunday,,GD,GD,,4,,,,,,,,,,,,,,,,,,
25,Australia,Jamaica,Pool,AUSTIN Kiera,,,,,,,,,,,,,,,,,,,,,,,
25,Australia,Jamaica,Pool,BRAZILL Ashleigh,WD,WD,WD,WD,60,,,,,,2,,,,,,1,6,2,,,,
25,Australia,Jamaica,Pool,BRUCE Courtney,GK,GK,GK,GD,60,,,,,,,2,1,4,,,5,9,6,,,,1
25,Australia,Jamaica,Pool,BUETA Gretel,GS,GS,GS,GS,60,36,39,92,,,,,,,2,,,1,,,4,,
25,Australia,Jamaica,Pool,HADLEY Paige,,,,,,,,,,,,,,,,,,,,,,,
25,Australia,Jamaica,Pool,KLAU Sarah,,,,GK,4,,,,,,,,,,,,,2,,,,,
25,Australia,Jamaica,Pool,KOENEN Cara,,,,,,,,,,,,,,,,,,,,,,,
25,Australia,Jamaica,Pool,MOLONEY Kate,C,C,C,C,60,,,,11,22,,1,,,,,3,8,1,,,,
25,Australia,Jamaica,Pool,WATSON Liz,WA,WA,WA,WA,60,,,,26,42,30,,,5,,,2,7,2,,1,,
25,Australia,Jamaica,Pool,WESTON Joanna,GD,GD,GD,GD,52,,,,,,3,2,1,,,,2,7,5,,1,,
25,Australia,Jamaica,Pool,WOOD Steph,GA,GA,GA,GA,60,19,22,86,15,18,20,1,,,,,4,1,3,,2,,
25,Jamaica,Australia,Pool,BECKFORD Shanice Horasha,GA,GA,GA,GA,60,10,10,100,18,20,28,1,1,1,,,,2,,,1,,
25,Jamaica,Australia,Pool,DEHANEY Kadie-ann Alicia,,,,,,,,,,,,,,,,,,,,,,,
25,Jamaica,Australia,Pool,DIXON-ROCHESTER Nicole,C,C,C,C,60,,,,23,34,,,,,,,,9,3,,2,1,
25,Jamaica,Australia,Pool,FOWLER Jhaniele Karyl,GS,GS,GS,GS,60,47,50,94,,,,1,1,,1,,,3,,,1,,
25,Jamaica,Australia,Pool,HEMMINGS Shadian Toni-ann,,,,,,,,,,,,,,,,,,,,,,,
25,Jamaica,Australia,Pool,NELSON Shimona,,,,,,,,,,,,,,,,,,,,,,,
25,Jamaica,Australia,Pool,ROBINSON Rebekah Theresa,,,,,,,,,,,,,,,,,,,,,,,
25,Jamaica,Australia,Pool,STERLING Shamera Shadae,GK,GK,GK,GK,60,,,,,,,4,1,4,,2,7,8,7,,2,,
25,Jamaica,Australia,Pool,THOMAS Adean Tamesha,,,WA,WA,15,,,,5,8,5,,,,,,1,1,,,,,
25,Jamaica,Australia,Pool,WARD Jodi-Ann,WD,WD,WD,WD,60,,,,,,6,5,2,4,,,5,7,5,,,,
25,Jamaica,Australia,Pool,WILLIAMS Khadijah Amoy,WA,WA,WA,WA,45,,,,9,11,7,1,,,,,2,1,,1,2,,1
25,Jamaica,Australia,Pool,WILSON Latanya Amoy,GD,GD,GD,GD,60,,,,,,3,1,,5,,,1,10,7,,,,
26,Wales,Barbados,Pool,CREAK Betsy,GA,GS,GS,GS,60,30,33,91,6,9,9,1,1,,1,,3,4,3,,,,
26,Wales,Barbados,Pool,DRANE Suzy,C,C,C,C,60,,,,17,27,,1,,1,,,3,7,2,,1,,
26,Wales,Barbados,Pool,DYKE Bethan,WA,WA,WA,WA,54,,,,25,42,15,2,1,,,,4,6,,,1,,
26,Wales,Barbados,Pool,JONES Clare,,,WD,WD,30,,,,,,1,5,3,4,,,2,6,,,,,
26,Wales,Barbados,Pool,JONES Nia,WD,WD,WD,,30,,,,,1,9,3,2,1,,,2,7,1,,,,
26,Wales,Barbados,Pool,O'DWYER Shona,,,,WA,6,,,,3,4,2,,,,,,,,,,,,
26,Wales,Barbados,Pool,POWELL-DAVIES Ella,GD,GD,GD,GD,60,,,,,1,9,6,4,7,,1,2,15,3,,,,
26,Wales,Barbados,Pool,ROBERTS Eleanor,,GA,GA,GA,31,9,14,64,7,8,5,,,,,,1,2,1,,,,
26,Wales,Barbados,Pool,ROWE Georgia,GS,GS,,,29,21,24,88,2,2,,,,,,,,2,1,,1,1,1
26,Wales,Barbados,Pool,SHAW Christina,GK,GK,,GK,44,,,,,,,1,,3,,,6,3,3,,,,
26,Wales,Barbados,Pool,THOMAS Leila,,GK,GK,GK,16,,,,,,,2,,1,,1,1,3,4,,,,
26,Wales,Barbados,Pool,YARRANTON Phillipa,,,,,,,,,,,,,,,,,,,,,,,
26,Barbados,Wales,Pool,AGARD Faye Yvette,,,,GS,6,4,5,80,,,,,,,,,,,,,,,
26,Barbados,Wales,Pool,AZORE-BRUCE Shonette Teshome Rashan,GK,GK,GK,GK,60,,,,,,,6,2,7,,2,4,7,2,,,,
26,Barbados,Wales,Pool,BLACKMAN Latonia Natasha Carolann,GA,GA,GA,GA,60,19,19,100,11,15,13,,,,1,,4,3,1,,,,
26,Barbados,Wales,Pool,BOBB Vanessa Naomi,,WD,WD,,17,,,,,1,1,,,,,,1,7,,1,,,1
26,Barbados,Wales,Pool,BROWNE Samantha Terri-ann Olivia,WD,WD,WD,WD,43,,,,,,7,2,,3,,,3,6,,1,1,,
26,Barbados,Wales,Pool,HOLDER Brianna Makala,WA,WA,WA,WA,60,,,,14,31,10,,,,,,2,6,,1,,,
26,Barbados,Wales,Pool,KIRTON Zakiya Winet,,,,,,,,,,,,,,,,,,,,,,,
26,Barbados,Wales,Pool,ROCK-YAW Tonisha Claradine,C,C,C,C,45,,,,8,11,,4,3,,,,3,9,1,,2,,1
26,Barbados,Wales,Pool,SHEPHERD Stephian Onesia Briana,,,,C,15,,,,1,3,,1,,1,,,2,2,,,1,,
26,Barbados,Wales,Pool,SMITH Sabreena Natasha,,,,,,,,,,,,,,,,,,,,,,,
26,Barbados,Wales,Pool,STOUTE Akeena Kelicia,GD,GD,GD,GD,60,,,,,,8,7,1,7,,3,3,10,6,,2,,
26,Barbados,Wales,Pool,WHARTON Shonica Deandra,GS,GS,GS,GS,54,21,27,78,8,7,,,,,,,,,,,2,,
27,Trinidad and Tobago,Northern Ireland,Pool,BAPTISTE Aniecia,GD,GD,GD,WD,51,,,,,,5,1,,3,,,2,10,3,,,,
27,Trinidad and Tobago,Northern Ireland,Pool,BRUNO Tia,,,,,,,,,,,,,,,,,,,,,,,
27,Trinidad and Tobago,Northern Ireland,Pool,CASSIMY Janeisha,WA,WA,WD,C,57,,,,8,14,4,1,,1,,,2,3,,,,,
27,Trinidad and Tobago,Northern Ireland,Pool,COOPER Joelisa,GA,GA,GA,,36,7,9,78,5,6,4,,,,,,,1,,,2,1,1
27,Trinidad and Tobago,Northern Ireland,Pool,DILLON Tianna,,,,,,,,,,,,,,,,,,,,,,,
27,Trinidad and Tobago,Northern Ireland,Pool,DOUGLAS Oprah,C,C,,WA,16,,,,3,6,1,,,,,,2,1,3,,2,,
27,Trinidad and Tobago,Northern Ireland,Pool,GREENE-NOEL Shaquanda,GK,GK,GK,GD,60,,,,,,2,14,2,4,,11,4,8,7,,,1,
27,Trinidad and Tobago,Northern Ireland,Pool,HAGLEY Faith,WD,C,C,WA,50,,,,6,10,1,,,,,,2,4,5,,,1,
27,Trinidad and Tobago,Northern Ireland,Pool,HOLLINGSWORTH Tahirah,,,GA,GA,24,7,9,78,6,8,3,,,,,,1,,,,,,
27,Trinidad and Tobago,Northern Ireland,Pool,MC EACHRANE Jeresia,,WD,GD,GK,45,,,,,,5,3,1,2,,2,5,5,,,,,1
27,Trinidad and Tobago,Northern Ireland,Pool,NOEL Afeisha,GS,GS,GS,GS,60,18,18,100,,,,,,,1,,,1,,,2,,
27,Trinidad and Tobago,Northern Ireland,Pool,SEEMUNGAL Shantel,C,,WA,WA,21,,,,2,8,1,1,1,1,,,,1,,,,1,1
27,Northern Ireland,Trinidad and Tobago,Pool,BOWMAN Jenna,,,,GS,15,4,8,50,,1,,,,,1,,,,1,,1,,
27,Northern Ireland,Trinidad and Tobago,Pool,COOPER Niamh,WD,WD,WD,WD,60,,,,1,1,8,1,1,1,,,,8,2,,1,,
27,Northern Ireland,Trinidad and Tobago,Pool,CROSBIE Ciara,GS,GS,GS,GS,45,27,34,79,,1,,,,,2,,,7,1,,2,1,
27,Northern Ireland,Trinidad and Tobago,Pool,DRAYNE Michelle,,,,WA,15,,,,4,5,4,,,,,,,1,1,,,1,
27,Northern Ireland,Trinidad and Tobago,Pool,KEENAN Frances,WA,WA,WA,C,49,,,,6,13,9,2,,2,,,5,4,,,,,2
27,Northern Ireland,Trinidad and Tobago,Pool,MAGEE Emma,GA,GA,GA,GA,54,8,14,57,4,7,14,1,1,3,,,3,7,,,1,,
27,Northern Ireland,Trinidad and Tobago,Pool,MAGEE Michelle,GK,GK,GK,GK,50,,,,,,,4,2,2,,1,1,7,4,,,,
27,Northern Ireland,Trinidad and Tobago,Pool,MCCANN Maria,,,,GD,4,,,,,,1,,,,,,,,,,,,
27,Northern Ireland,Trinidad and Tobago,Pool,MCDONALD Olivia,,,GK,GK,10,,,,,,,,,1,,,1,2,5,,,,
27,Northern Ireland,Trinidad and Tobago,Pool,MCGRATH Georgie,,,,GA,6,2,3,67,,,,,,,,,,,,,2,,
27,Northern Ireland,Trinidad and Tobago,Pool,O'HANLON Caroline,C,C,C,C,56,,,,26,42,,5,5,2,,,3,4,3,1,,,
27,Northern Ireland,Trinidad and Tobago,Pool,TONER Fionnuala,GD,GD,GD,GD,56,,,,,,,7,5,8,,,8,8,3,,,,
28,Malawi,Uganda,Pool,CHIMALIRO Jane,GA,GA,GA,GA,50,14,15,93,3,3,10,,,,,,1,5,2,,,1,
28,Malawi,Uganda,Pool,DAMBO Martha,WD,WD,WD,WD,60,,,,,,1,,,1,,,,14,2,,,,
28,Malawi,Uganda,Pool,DIMBA Shira,,,,,,,,,,,,,,,,,,,,,,,
28,Malawi,Uganda,Pool,GALLETA Thandie Mwale,WA,WA,,,23,,,,3,3,7,,,1,,,,1,,,1,,
28,Malawi,Uganda,Pool,KUMWENDA Bridget,,WA,WA,WA,37,,,,4,14,10,,,,,,,3,2,,,,
28,Malawi,Uganda,Pool,KUMWENDA Mwai Jasinta,GS,GS,GA,GS,55,22,23,96,1,3,2,,,1,1,,,3,1,,1,,
28,Malawi,Uganda,Pool,LWAZI Takondwa,C,C,C,C,60,,,,26,34,,,,1,,,1,7,2,2,,,
28,Malawi,Uganda,Pool,MTUKULE Caroline Brighton,,GD,GD,GD,22,,,,,,4,,,,,,,2,2,,1,,
28,Malawi,Uganda,Pool,MVULA Joyce,,,GS,GS,8,4,6,67,,,,,,,,,,1,,,,,
28,Malawi,Uganda,Pool,NGWIRA Loreen,GK,GK,,GK,38,,,,,,,,,2,,,,13,4,,,,
28,Malawi,Uganda,Pool,SIMTOWE Sindi,,,GA,GA,7,3,3,100,2,2,1,,,1,,,,,1,,1,,
28,Malawi,Uganda,Pool,VINKHUMBO Towera Angela,GD,GK,GK,GD,60,,,,1,2,10,3,2,1,,,4,14,,,1,,
28,Uganda,Malawi,Pool,ACHAN Jesca,C,C,C,,30,,,,7,10,,,,,,,1,1,,,,,
28,Uganda,Malawi,Pool,BAAGALA Margret,,,C,C,30,,,,13,14,,2,2,1,,,,7,1,1,1,,
28,Uganda,Malawi,Pool,CHOLHOK Mary Nuba,GS,GS,GS,GS,56,31,33,94,4,4,,,,,1,,,1,,,1,,
28,Uganda,Malawi,Pool,EYARU Irene,GA,GA,GA,GA,60,22,23,96,7,8,8,,,1,,,2,1,3,,,,2
28,Uganda,Malawi,Pool,HANIISHA Muhameed Nakaate,,,,,,,,,,,,,,,,,,,,,,,
28,Uganda,Malawi,Pool,LUNKUSE Norah,,,,WA,,,,,,1,,,,,,,,,,,,,
28,Uganda,Malawi,Pool,NALWANJA Shaffie,GK,GK,GK,GK,60,,,,,,,1,,2,,,4,8,4,,,,
28,Uganda,Malawi,Pool,NAMBIRIGE Sandra Ruth,WD,WD,WD,WD,61,,,,,,6,2,1,1,,,3,11,2,,,,
28,Uganda,Malawi,Pool,NAMPUNGU Joan,GD,GD,GD,GD,60,,,,,,10,1,1,2,,,3,12,2,,,,
28,Uganda,Malawi,Pool,NASSANGA Shadiah Ssegujja,,,,,1,,,,,,,,,,,,,,,,,,
28,Uganda,Malawi,Pool,OYELLA Stella,WA,WA,WA,WA,56,,,,20,30,24,2,,,,,3,2,,,,,
28,Uganda,Malawi,Pool,PEACE Proscovia,,,,GS,6,3,3,100,,,,,,,,,,,,,,,
29,South Africa,Scotland,Pool,CHAWANE Khanyisa,C,C,C,C,60,,,,16,19,,2,1,1,,,6,5,1,1,1,,
29,South Africa,Scotland,Pool,GRIESEL Izette,,,,,,,,,,,,,,,,,,,,,,,
29,South Africa,Scotland,Pool,MAWENI Phumza,GK,GK,GK,GK,58,,,,,,,8,2,7,,1,8,18,5,,,,
29,South Africa,Scotland,Pool,MDAU Tshina,,,,WD,2,,,,,,,1,,1,,,1,,,,,,
29,South Africa,Scotland,Pool,MSOMI Bongiwe,WA,WA,WA,WA,60,,,,26,32,18,3,3,,,,,6,,1,1,,
29,South Africa,Scotland,Pool,RADEMAN Lefebre,,,GA,GA,30,6,7,86,10,11,12,,,,,,1,1,1,,1,,
29,South Africa,Scotland,Pool,SMITH Nicola,GD,GD,GD,GK,60,,,,,,7,7,1,6,,3,3,7,15,,,,
29,South Africa,Scotland,Pool,TALJAARD Nichole,,,,,,,,,,,,,,,,,,,,,,,
29,South Africa,Scotland,Pool,VAN DER BERG Elmere,GA,GA,GA,GS,39,17,17,100,4,4,6,1,,,,,2,1,,,,,1
29,South Africa,Scotland,Pool,VAN DER MERWE Shadine,WD,WD,WD,WD,45,,,,,,7,1,,4,,,2,3,1,1,,,
29,South Africa,Scotland,Pool,VENTER Ine-Mari,GS,GS,GS,GS,51,42,44,95,6,6,,,,,1,,,,,,,,
29,South Africa,Scotland,Pool,VIMBELA Zanele,,,,GD,15,,,,,,1,1,,2,,,1,3,1,,,,
29,Scotland,South Africa,Pool,BARRIE Emma,,,GS,GS,23,12,14,86,,,,,,,,,,,,,1,,
29,Scotland,South Africa,Pool,BOYLE Kelly,,,C,C,30,,,,2,8,,1,1,,,,,3,,,,,
29,Scotland,South Africa,Pool,CHRISTIAN Iona,WA,WA,WA,,37,,,,10,19,16,,,1,,,2,1,,,,,
29,Scotland,South Africa,Pool,CONWAY Rachel Olive,GK,GK,GK,,37,,,,,,,5,3,2,,1,2,3,1,,,,
29,Scotland,South Africa,Pool,GOODWIN Beth,GS,GS,GS,GA,52,21,25,84,4,4,4,1,1,,,,3,1,,,1,,
29,Scotland,South Africa,Pool,LEIGHTON Hannah,C,C,C,WD,45,,,,7,10,1,,,1,,,1,2,1,,,,1
29,Scotland,South Africa,Pool,LOVE Emma,,,WA,WA,23,,,,7,9,10,,,1,,,,,,,1,,
29,Scotland,South Africa,Pool,MACPHAIL Sarah,,,GD,GD,30,,,,,,1,,,1,,,,4,6,,1,,
29,Scotland,South Africa,Pool,MAXWELL Claire,WD,WD,WD,WD,45,,,,,,4,2,2,1,,,,11,,,,,
29,Scotland,South Africa,Pool,MCCALL Niamh,GA,GA,GA,GA,45,13,15,87,14,18,15,1,,1,,,3,,,,1,,
29,Scotland,South Africa,Pool,NICHOLL Emily,GD,GD,GD,,30,,,,,,3,,,,,,,3,1,,,,
29,Scotland,South Africa,Pool,TAIT Lauren,,,GK,GK,23,,,,,,,1,,1,,,3,6,3,,,,
30,New Zealand,England,Pool,CRAMPTON Gina,WA,WA,WA,WA,46,,,,14,19,17,,,1,,,1,2,1,,2,,
30,New Zealand,England,Pool,FITZPATRICK Sulu,GD,GD,GD,GK,60,,,,,,3,1,,3,,1,2,5,3,,,,
30,New Zealand,England,Pool,HEFFERNAN Kate,,WD,C,WD,45,,,,3,4,4,2,2,,,,1,9,1,,,,
30,New Zealand,England,Pool,JOHNSON Kayla,WD,WD,WD,WD,31,,,,,,7,1,,3,,,2,7,2,,,,
30,New Zealand,England,Pool,JURY Kelly,GK,GK,GK,GK,45,,,,,,,1,1,2,,,4,6,2,,,,
30,New Zealand,England,Pool,KARAKA Phoenix,,,,GD,15,,,,,,2,1,,,,1,,1,2,,,,
30,New Zealand,England,Pool,MES Bailey,,,,,,,,,,,,,,,,,,,,,,,
30,New Zealand,England,Pool,NWEKE Grace,GS,GS,GS,GS,45,23,29,79,,,,,,,2,,,3,,,1,1,
30,New Zealand,England,Pool,SAUNDERS Shannon,,,WA,WA,14,,,,5,6,3,1,1,,,,,2,1,,1,,
30,New Zealand,England,Pool,SELBY-RICKIT Te Paea,,GA,GA,GS,45,13,13,100,8,9,4,,,,,,,,1,,1,,
30,New Zealand,England,Pool,SOUNESS Whitney,C,C,C,C,44,,,,10,14,,1,1,3,,,1,6,4,1,1,,
30,New Zealand,England,Pool,WILSON Maia,GA,GA,,GA,30,8,9,89,1,2,5,,,,,,1,2,,,,,1
30,England,New Zealand,Pool,ALLISON Imogen,,,,WD,15,,,,1,1,3,1,,1,,,2,3,,,,,
30,England,New Zealand,Pool,CARDWELL Eleanor,GS,GS,GS,GS,38,26,29,90,,,,,,1,2,,1,3,,,1,,
30,England,New Zealand,Pool,CLARKE Jade,C,C,C,,39,,,,12,25,,,,,,,1,9,,,1,,
30,England,New Zealand,Pool,DRAKEFORD-LEWIS Sophie,,,,,,,,,,,,,,,,,,,,,,,
30,England,New Zealand,Pool,FRANCIS-BAYMAN Stacey,WD,WD,WD,WD,34,,,,,,3,,,,,,,7,,,2,,
30,England,New Zealand,Pool,GUSCOTH Layla,GD,GD,GD,GD,60,,,,,,2,1,,2,,,3,6,7,,,,
30,England,New Zealand,Pool,HARTEN Joanne,,,GS,GS,22,5,6,83,1,1,,,,,,,,,,,,,
30,England,New Zealand,Pool,HOUSBY Helen,GA,GA,GA,GA,60,23,26,88,5,5,17,1,1,,,,4,2,1,,1,,
30,England,New Zealand,Pool,MALCOLM Laura,,WD,C,C,32,,,,10,22,1,,,1,,,,4,1,,1,,
30,England,New Zealand,Pool,MENTOR Geva,GK,GK,GK,GK,60,,,,,,,4,1,1,,1,4,17,1,,,,
30,England,New Zealand,Pool,METCALF Natalie,WA,WA,WA,WA,60,,,,25,46,21,,,1,,,4,7,1,,1,1,
30,England,New Zealand,Pool,USORO-BROWN Eboni,,,,,,,,,,,,,,,,,,,,,,,
31,Barbados,Trinidad and Tobago,Classification,AGARD Faye Yvette,,GS,GS,GS,36,14,19,74,1,1,,,,,,,2,1,,,,,
31,Barbados,Trinidad and Tobago,Classification,AZORE-BRUCE Shonette Teshome Rashan,GK,GK,GK,GK,60,,,,,,,3,1,6,,2,4,8,1,,,,
31,Barbados,Trinidad and Tobago,Classification,BLACKMAN Latonia Natasha Carolann,GA,GA,GA,GA,49,9,10,90,7,9,9,,,,,,4,,1,,2,,
31,Barbados,Trinidad and Tobago,Classification,BOBB Vanessa Naomi,,WD,WD,,21,,,,,,4,,,,,,1,6,1,,,,
31,Barbados,Trinidad and Tobago,Classification,BROWNE Samantha Terri-ann Olivia,WD,WD,,WA,24,,,,3,8,2,,,1,,,2,4,1,,2,,
31,Barbados,Trinidad and Tobago,Classification,HOLDER Brianna Makala,WA,GA,GA,,26,1,1,100,5,10,5,,,,,,,2,,,2,2,
31,Barbados,Trinidad and Tobago,Classification,KIRTON Zakiya Winet,,,WD,WD,16,,,,,,2,,,1,,,1,,1,,,,
31,Barbados,Trinidad and Tobago,Classification,ROCK-YAW Tonisha Claradine,C,GD,GD,GD,56,,,,2,5,3,3,,2,,1,4,12,6,,1,1,
31,Barbados,Trinidad and Tobago,Classification,SHEPHERD Stephian Onesia Briana,C,C,C,C,40,,,,6,14,,2,1,2,,,3,4,1,1,1,,
31,Barbados,Trinidad and Tobago,Classification,SMITH Sabreena Natasha,,WA,WA,WA,36,,,,5,10,7,,,,,,2,1,,,,,
31,Barbados,Trinidad and Tobago,Classification,STOUTE Akeena Kelicia,GD,WD,,GD,32,,,,,,6,1,1,1,,,3,5,4,,1,,
31,Barbados,Trinidad and Tobago,Classification,WHARTON Shonica Deandra,GS,GS,,GS,24,7,11,64,,1,,,,,,,,2,,,,,1
31,Trinidad and Tobago,Barbados,Classification,BAPTISTE Aniecia,GD,GD,GD,GD,60,,,,,,3,7,2,9,,2,4,14,4,,,1,
31,Trinidad and Tobago,Barbados,Classification,BRUNO Tia,,,,,,,,,,,,,,,,,,,,,,,
31,Trinidad and Tobago,Barbados,Classification,CASSIMY Janeisha,C,C,C,C,60,,,,25,42,,2,2,,,,,5,1,,1,,
31,Trinidad and Tobago,Barbados,Classification,COOPER Joelisa,GA,GA,GA,GA,60,25,31,81,18,21,13,1,,,,,5,4,1,,5,,
31,Trinidad and Tobago,Barbados,Classification,DILLON Tianna,,,,,,,,,,,,,,,,,,,,,,,
31,Trinidad and Tobago,Barbados,Classification,DOUGLAS Oprah,,,,,,,,,,,,,,,,,,,,,,,
31,Trinidad and Tobago,Barbados,Classification,GREENE-NOEL Shaquanda,GK,GK,GK,GK,60,,,,,,,12,5,8,,5,5,6,3,,,,
31,Trinidad and Tobago,Barbados,Classification,HAGLEY Faith,,,,,,,,,,,,,,,,,,,,,,,
31,Trinidad and Tobago,Barbados,Classification,HOLLINGSWORTH Tahirah,,,,,,,,,,,,,,,,,,,,,,,
31,Trinidad and Tobago,Barbados,Classification,MC EACHRANE Jeresia,WD,WD,WD,WD,60,,,,,,3,3,1,3,,,4,11,1,,1,1,
31,Trinidad and Tobago,Barbados,Classification,NOEL Afeisha,GS,GS,GS,GS,60,38,43,88,2,4,,1,,,6,,1,3,,,3,,
31,Trinidad and Tobago,Barbados,Classification,SEEMUNGAL Shantel,WA,WA,WA,WA,60,,,,17,34,25,,,1,,,7,1,,,,,
32,Scotland,Northern Ireland,Classification,BARRIE Emma,,,,,,,,,,,,,,,,,,,,,,,
32,Scotland,Northern Ireland,Classification,BOYLE Kelly,,,,C,6,,,,1,4,,,,,,,,,,,,,
32,Scotland,Northern Ireland,Classification,CHRISTIAN Iona,WA,WA,WA,WA,60,,,,13,23,11,1,1,,,,1,4,,,2,,
32,Scotland,Northern Ireland,Classification,CONWAY Rachel Olive,GK,GK,GK,GK,60,,,,,,,3,1,3,,1,3,5,2,,,,
32,Scotland,Northern Ireland,Classification,GOODWIN Beth,GS,GS,GS,GS,60,23,27,85,4,5,,,,1,,,,,,,,,
32,Scotland,Northern Ireland,Classification,LEIGHTON Hannah,C,C,C,C,54,,,,12,21,,,,4,,,,2,1,,,,2
32,Scotland,Northern Ireland,Classification,LOVE Emma,,,,,,,,,,,,,,,,,,,,,,,
32,Scotland,Northern Ireland,Classification,MACPHAIL Sarah,,,,,,,,,,,,,,,,,,,,,,,
32,Scotland,Northern Ireland,Classification,MAXWELL Claire,WD,WD,WD,WD,60,,,,,1,8,3,1,1,,,4,8,1,,,,
32,Scotland,Northern Ireland,Classification,MCCALL Niamh,GA,GA,GA,GA,60,20,26,77,11,13,15,,,1,,,5,2,1,,1,,
32,Scotland,Northern Ireland,Classification,NICHOLL Emily,GD,GD,GD,GD,60,,,,,,3,4,2,5,,1,2,8,7,,,,
32,Scotland,Northern Ireland,Classification,TAIT Lauren,,,,,,,,,,,,,,,,,,,,,,,
32,Northern Ireland,Scotland,Classification,BOWMAN Jenna,,,GS,GS,15,4,8,50,,1,,,,1,2,,1,1,,,,1,
32,Northern Ireland,Scotland,Classification,COOPER Niamh,WD,WD,WD,C,32,,,,1,2,3,,,,,,,3,1,,,,
32,Northern Ireland,Scotland,Classification,CROSBIE Ciara,GS,GS,GS,GA,45,17,24,71,,2,,,,,2,,,4,,,,,
32,Northern Ireland,Scotland,Classification,DRAYNE Michelle,,WA,C,WA,36,,,,3,11,3,,,,,,2,3,2,,,,
32,Northern Ireland,Scotland,Classification,KEENAN Frances,WA,WA,,,22,,,,3,5,2,,,,,,,2,,,1,,
32,Northern Ireland,Scotland,Classification,MAGEE Emma,GA,GA,GA,GS,60,12,17,71,11,14,9,,,,1,,3,5,1,,1,,1
32,Northern Ireland,Scotland,Classification,MAGEE Michelle,GK,GK,GD,GD,60,,,,,,6,4,,4,,1,4,5,7,,,,
32,Northern Ireland,Scotland,Classification,MCCANN Maria,,,,,,,,,,,,,,,,,,,,,,,
32,Northern Ireland,Scotland,Classification,MCDONALD Olivia,,,GK,GK,30,,,,,,,2,,4,,1,2,4,6,,,,
32,Northern Ireland,Scotland,Classification,MCGRATH Georgie,,,,,,,,,,,,,,,,,,,,,,,
32,Northern Ireland,Scotland,Classification,O'HANLON Caroline,C,C,WA,WA,60,,,,13,30,5,1,,3,,,3,7,,1,2,1,
32,Northern Ireland,Scotland,Classification,TONER Fionnuala,GD,GD,WD,WD,60,,,,,1,7,10,4,2,,2,6,10,6,2,,1,1
33,Wales,Malawi,Classification,CREAK Betsy,GA,GA,GA,,37,8,10,80,10,11,6,,,,,,2,3,,,,,
33,Wales,Malawi,Classification,DRANE Suzy,C,C,C,,42,,,,7,13,,1,,2,,,2,2,2,,,,
33,Wales,Malawi,Classification,DYKE Bethan,WA,WA,WA,WA,60,,,,22,38,21,,,,,,5,8,,,2,,
33,Wales,Malawi,Classification,JONES Clare,,,C,C,18,,,,1,4,,,,1,,,,1,,,,,
33,Wales,Malawi,Classification,JONES Nia,WD,WD,WD,WD,60,,,,3,3,23,,,1,,,,15,1,,,,
33,Wales,Malawi,Classification,O'DWYER Shona,,,,,,,,,,,,,,,,,,,,,,,
33,Wales,Malawi,Classification,POWELL-DAVIES Ella,GD,GD,GD,GD,60,,,,,,1,3,2,,,1,,14,2,,,,
33,Wales,Malawi,Classification,ROBERTS Eleanor,,,GA,GA,23,1,2,50,9,10,4,,,,,,,,,,,,
33,Wales,Malawi,Classification,ROWE Georgia,GS,GS,GS,GS,60,47,49,96,2,2,,,,,,,,3,,,,1,
33,Wales,Malawi,Classification,SHAW Christina,GK,GK,GK,GK,41,,,,,,,1,1,,,,1,4,,,,,
33,Wales,Malawi,Classification,THOMAS Leila,,,GK,GK,19,,,,,,,,,,,,,4,5,,,,
33,Wales,Malawi,Classification,YARRANTON Phillipa,,,,,,,,,,,,,,,,,,,,,,,
33,Malawi,Wales,Classification,CHIMALIRO Jane,WA,WA,WA,WA,60,3,4,75,16,27,7,,,1,,,,10,,,,,
33,Malawi,Wales,Classification,DAMBO Martha,WD,WD,WD,WD,60,,,,,,12,,,1,,,1,5,2,,,,
33,Malawi,Wales,Classification,DIMBA Shira,,,,C,1,,,,,,,,,,,,,,,,,,1
33,Malawi,Wales,Classification,GALLETA Thandie Mwale,,,,,,,,,,,,,,,,,,,,,,,
33,Malawi,Wales,Classification,KUMWENDA Bridget,WA,,,,12,,,,2,4,1,1,1,,,,,1,,,,,
33,Malawi,Wales,Classification,KUMWENDA Mwai Jasinta,GS,GS,GS,GS,60,49,50,98,,1,,,,,1,,,1,,,1,,
33,Malawi,Wales,Classification,LWAZI Takondwa,C,C,C,C,59,,,,28,36,1,1,,,,,3,5,2,,,,1
33,Malawi,Wales,Classification,MTUKULE Caroline Brighton,GD,GD,GD,GD,54,,,,,1,17,1,,3,,,1,9,4,,,,1
33,Malawi,Wales,Classification,MVULA Joyce,,,,,,,,,,,,,,,,,,,,,,,
33,Malawi,Wales,Classification,NGWIRA Loreen,,,,GK,6,,,,,,,1,1,1,,,,1,1,,,,
33,Malawi,Wales,Classification,SIMTOWE Sindi,GA,GA,GA,GA,48,10,11,91,14,19,15,,,,1,,,,2,,,,
33,Malawi,Wales,Classification,VINKHUMBO Towera Angela,GK,GK,GK,GD,60,,,,,,3,6,3,7,,1,4,13,4,,,,
34,South Africa,Uganda,Classification,CHAWANE Khanyisa,C,C,C,C,51,,,,11,13,,,,,,,1,5,2,,2,,1
34,South Africa,Uganda,Classification,GRIESEL Izette,,WA,WA,WA,39,,,,15,18,18,1,1,1,,,4,2,,,1,,
34,South Africa,Uganda,Classification,MAWENI Phumza,GK,GK,GK,GK,60,,,,,,,,,3,,,,14,8,,,,
34,South Africa,Uganda,Classification,MDAU Tshina,,,WD,WD,24,,,,1,1,2,,,1,,,,11,2,,,,
34,South Africa,Uganda,Classification,MSOMI Bongiwe,WA,C,C,,30,,,,11,13,9,1,,1,,,1,2,1,,,,
34,South Africa,Uganda,Classification,RADEMAN Lefebre,,GA,GA,,19,6,7,86,,,3,,,,,,,5,1,,,,
34,South Africa,Uganda,Classification,SMITH Nicola,GD,GD,,,15,,,,,,2,,,1,,,,2,3,,,,
34,South Africa,Uganda,Classification,TALJAARD Nichole,,,,,,,,,,,,,,,,,,,,,,,
34,South Africa,Uganda,Classification,VAN DER BERG Elmere,GA,GA,GA,GA,41,17,18,94,4,5,6,,,2,2,,1,7,1,,,,
34,South Africa,Uganda,Classification,VAN DER MERWE Shadine,WD,WD,GD,GD,60,,,,,,6,4,2,,,1,1,15,3,,,,
34,South Africa,Uganda,Classification,VENTER Ine-Mari,GS,GS,GS,GS,60,25,29,86,5,5,,1,1,,,,,,,,2,,
34,South Africa,Uganda,Classification,VIMBELA Zanele,,GD,GD,WD,21,,,,,,2,,,,,,,7,3,,,,
34,Uganda,South Africa,Classification,ACHAN Jesca,C,C,C,,43,,,,15,13,,1,,1,,,1,5,,,,,
34,Uganda,South Africa,Classification,BAAGALA Margret,,,C,C,17,,,,4,5,,,,,,,,3,,,,,
34,Uganda,South Africa,Classification,CHOLHOK Mary Nuba,GS,GS,GS,GS,60,31,35,89,1,1,,,,,2,,,2,,,,,
34,Uganda,South Africa,Classification,EYARU Irene,GA,GA,GA,GA,53,21,24,88,5,8,18,2,1,,,,2,,4,,,1,
34,Uganda,South Africa,Classification,HANIISHA Muhameed Nakaate,,,,,,,,,,,,,,,,,,,,,,,
34,Uganda,South Africa,Classification,LUNKUSE Norah,,,,,,,,,,,,,,,,,,,,,,,
34,Uganda,South Africa,Classification,NALWANJA Shaffie,GK,GK,GK,GK,60,,,,,,,3,2,7,,,4,7,2,,,,
34,Uganda,South Africa,Classification,NAMBIRIGE Sandra Ruth,WD,WD,WD,WD,60,,,,,,4,1,,3,,,2,11,4,,1,,1
34,Uganda,South Africa,Classification,NAMPUNGU Joan,GD,GD,GD,GD,60,,,,,,4,3,1,,,1,4,9,1,1,1,1,
34,Uganda,South Africa,Classification,NASSANGA Shadiah Ssegujja,,,,GA,7,2,2,100,3,3,2,,,,,,,,,,,,
34,Uganda,South Africa,Classification,OYELLA Stella,WA,WA,WA,WA,60,,,,21,29,23,1,1,,,,3,4,,,,,1
34,Uganda,South Africa,Classification,PEACE Proscovia,,,,,,,,,,,,,,,,,,,,,,,
35,Jamaica,New Zealand,Semi Final,BECKFORD Shanice Horasha,GA,GA,GA,GA,57,10,10,100,21,21,12,1,,,,,2,1,,,1,,
35,Jamaica,New Zealand,Semi Final,DEHANEY Kadie-ann Alicia,,,,GK,6,,,,,,,,,1,,,1,1,1,,,,
35,Jamaica,New Zealand,Semi Final,DIXON-ROCHESTER Nicole,C,C,C,C,57,,,,20,32,,3,3,2,,,3,7,2,,2,,1
35,Jamaica,New Zealand,Semi Final,FOWLER Jhaniele Karyl,GS,GS,GS,GS,53,54,54,100,,,,,,,,,1,1,,,,,
35,Jamaica,New Zealand,Semi Final,HEMMINGS Shadian Toni-ann,,,,C,4,,,,1,1,,,,,,,,,,,,,
35,Jamaica,New Zealand,Semi Final,NELSON Shimona,,,,GS,6,3,3,100,,,,,,,,,,,,,,,
35,Jamaica,New Zealand,Semi Final,ROBINSON Rebekah Theresa,,,,GA,4,,,,,,,,,,,,,,,,,,1
35,Jamaica,New Zealand,Semi Final,STERLING Shamera Shadae,GK,GK,GK,GK,53,,,,,,,6,3,,,1,4,6,1,,,,
35,Jamaica,New Zealand,Semi Final,THOMAS Adean Tamesha,,,,WA,7,,,,2,4,1,,,,,,,2,,,,,
35,Jamaica,New Zealand,Semi Final,WARD Jodi-Ann,WD,WD,WD,WD,60,,,,,,14,2,2,4,,,1,6,2,,,,
35,Jamaica,New Zealand,Semi Final,WILLIAMS Khadijah Amoy,WA,WA,WA,WA,53,,,,23,31,8,,,,,,,1,1,,2,,
35,Jamaica,New Zealand,Semi Final,WILSON Latanya Amoy,GD,GD,GD,GD,60,,,,,,16,2,,3,,1,2,5,2,,,,
35,New Zealand,Jamaica,Semi Final,CRAMPTON Gina,WA,WA,WA,,30,,,,14,20,19,,,,,,1,,,,1,,
35,New Zealand,Jamaica,Semi Final,FITZPATRICK Sulu,GK,GK,,,21,,,,,,,,,,,,1,1,,,,,
35,New Zealand,Jamaica,Semi Final,HEFFERNAN Kate,WD,WD,C,C,36,,,,5,7,2,1,1,,,,,8,,,,,
35,New Zealand,Jamaica,Semi Final,JOHNSON Kayla,,WD,WD,WD,33,,,,,,6,2,1,,,,1,,,,,,
35,New Zealand,Jamaica,Semi Final,JURY Kelly,,GK,GK,GK,39,,,,,,,1,1,4,,,1,7,5,,,,
35,New Zealand,Jamaica,Semi Final,KARAKA Phoenix,GD,GD,GD,GD,60,,,,,,7,1,,2,,,2,7,3,,1,,
35,New Zealand,Jamaica,Semi Final,MES Bailey,,,,,,,,,,,,,,,,,,,,,,,
35,New Zealand,Jamaica,Semi Final,NWEKE Grace,,,GS,GS,30,24,24,100,,,,1,,,,,1,2,,1,,,
35,New Zealand,Jamaica,Semi Final,SAUNDERS Shannon,,,WA,WA,30,,,,14,17,15,,,,,,1,,2,,1,,
35,New Zealand,Jamaica,Semi Final,SELBY-RICKIT Te Paea,GA,GA,GA,,36,14,16,88,2,3,6,1,1,,1,,,,4,,,,1
35,New Zealand,Jamaica,Semi Final,SOUNESS Whitney,C,C,C,C,51,,,,14,17,,,,3,,,3,7,,,,,
35,New Zealand,Jamaica,Semi Final,WILSON Maia,GS,GS,GA,GA,54,13,15,87,,,2,,,1,,,,4,1,1,1,,
36,England,Australia,Semi Final,ALLISON Imogen,,WD,WD,WD,33,,,,,,,2,1,1,,,2,6,,,,,
36,England,Australia,Semi Final,CARDWELL Eleanor,,GA,GS,GS,35,22,24,92,3,4,6,,,1,,,1,1,,,,,
36,England,Australia,Semi Final,CLARKE Jade,C,WD,C,C,35,,,,8,13,2,,,,,,,4,1,1,,,1
36,England,Australia,Semi Final,DRAKEFORD-LEWIS Sophie,,,,,,,,,,,,,,,,,,,,,,,
36,England,Australia,Semi Final,FRANCIS-BAYMAN Stacey,WD,WD,GD,GD,38,,,,,,9,1,,1,,1,,4,3,,,,
36,England,Australia,Semi Final,GUSCOTH Layla,GD,GD,GD,GD,37,,,,,,1,1,,3,,,1,14,5,,,,
36,England,Australia,Semi Final,HARTEN Joanne,GS,GS,GS,,43,16,17,94,4,4,,,,,,,1,1,1,,1,,1
36,England,Australia,Semi Final,HOUSBY Helen,GA,GA,GA,GA,42,13,14,93,13,16,11,2,1,,,,1,2,,,1,,
36,England,Australia,Semi Final,MALCOLM Laura,,C,C,C,37,,,,6,12,,,,1,,,,3,,,,,1
36,England,Australia,Semi Final,MENTOR Geva,GK,GK,GK,GK,49,,,,,,,,,4,,,3,15,6,,,,
36,England,Australia,Semi Final,METCALF Natalie,WA,WA,WA,WA,60,,,,15,31,23,1,,2,,,3,3,,1,,,
36,England,Australia,Semi Final,USORO-BROWN Eboni,,,,GK,11,,,,,,,,,,,,,3,1,,,,
36,Australia,England,Semi Final,ARYANG Sunday,,,,,,,,,,,,,,,,,,,,,,,
36,Australia,England,Semi Final,AUSTIN Kiera,,,,,,,,,,,,,,,,,,,,,,,
36,Australia,England,Semi Final,BRAZILL Ashleigh,WD,WD,WD,WD,60,,,,,,11,1,,3,,,1,8,,,,,1
36,Australia,England,Semi Final,BRUCE Courtney,GK,GK,GK,GK,60,,,,,,,4,1,5,,2,2,17,8,,,,
36,Australia,England,Semi Final,BUETA Gretel,GS,GS,GS,GS,60,43,44,98,1,1,,,,,,,,,,,1,,
36,Australia,England,Semi Final,HADLEY Paige,,,,,,,,,,,,,,,,,,,,,,,
36,Australia,England,Semi Final,KLAU Sarah,,,,,,,,,,,,,,,,,,,,,,,
36,Australia,England,Semi Final,KOENEN Cara,,,,,,,,,,,,,,,,,,,,,,,
36,Australia,England,Semi Final,MOLONEY Kate,C,C,C,C,60,,,,5,12,1,1,,1,,,3,7,2,,1,,
36,Australia,England,Semi Final,WATSON Liz,WA,WA,WA,WA,60,,,,27,46,13,,,1,,,2,6,1,,2,,1
36,Australia,England,Semi Final,WESTON Joanna,GD,GD,GD,GD,60,,,,,,8,2,1,2,,,3,10,5,,,,1
36,Australia,England,Semi Final,WOOD Steph,GA,GA,GA,GA,60,17,20,85,17,20,18,1,,,,,5,1,,,1,,
37,New Zealand,England,Medal,CRAMPTON Gina,WA,WA,WA,WA,60,,,,25,36,28,,,,,,4,2,1,1,1,,
37,New Zealand,England,Medal,FITZPATRICK Sulu,,,,,,,,,,,,,,,,,,,,,,,
37,New Zealand,England,Medal,HEFFERNAN Kate,WD,WD,WD,WD,60,,,,,,6,2,2,2,,,1,9,1,,,,
37,New Zealand,England,Medal,JOHNSON Kayla,,,,,,,,,,,,,,,,,,,,,,,
37,New Zealand,England,Medal,JURY Kelly,GK,GK,GK,GK,60,,,,,,,4,2,4,,,4,15,10,,,,
37,New Zealand,England,Medal,KARAKA Phoenix,GD,GD,GD,GD,60,,,,,,6,3,2,,,1,1,12,9,,,,
37,New Zealand,England,Medal,MES Bailey,,,,,,,,,,,,,,,,,,,,,,,
37,New Zealand,England,Medal,NWEKE Grace,GS,GS,GS,GS,60,44,48,92,,1,,,,,3,,1,3,,,1,,
37,New Zealand,England,Medal,SAUNDERS Shannon,,,,,,,,,,,,,,,,,,,,,,,
37,New Zealand,England,Medal,SELBY-RICKIT Te Paea,GA,GA,GA,GA,60,11,14,79,10,11,8,,,1,,,1,1,3,,1,,1
37,New Zealand,England,Medal,SOUNESS Whitney,C,C,C,C,60,,,,18,25,,2,2,,,,,6,5,,,,
37,New Zealand,England,Medal,WILSON Maia,,,,,,,,,,,,,,,,,,,,,,,
37,England,New Zealand,Medal,ALLISON Imogen,,,WD,WD,4,,,,,,3,,,,,,1,2,,,,,
37,England,New Zealand,Medal,CARDWELL Eleanor,GS,GS,GS,GA,60,31,34,91,1,3,5,,,,1,,1,3,,,1,,
37,England,New Zealand,Medal,CLARKE Jade,C,C,C,,45,,,,6,13,,,,,,,1,2,,,1,,1
37,England,New Zealand,Medal,DRAKEFORD-LEWIS Sophie,,,,,,,,,,,,,,,,,,,,,,,
37,England,New Zealand,Medal,FRANCIS-BAYMAN Stacey,,GD,GD,GD,34,,,,,,5,2,1,2,,,1,10,,,1,,
37,England,New Zealand,Medal,GUSCOTH Layla,GD,GD,,GD,37,,,,,,3,1,,4,,,2,5,1,,,,
37,England,New Zealand,Medal,HARTEN Joanne,,,,GS,,4,5,80,5,5,,,,,1,,,,,,,,
37,England,New Zealand,Medal,HOUSBY Helen,GA,GA,GA,GA,60,13,17,76,8,10,8,,,,,,1,2,3,,,,
37,England,New Zealand,Medal,MALCOLM Laura,WD,WD,C,C,60,,,,9,16,6,2,1,1,,,1,6,1,,,,
37,England,New Zealand,Medal,MENTOR Geva,GK,GK,GK,GK,60,,,,,,,3,1,2,,,3,13,4,,,,
37,England,New Zealand,Medal,METCALF Natalie,WA,WA,WA,WA,60,,,,18,42,15,,,,1,,5,2,2,,1,,
37,England,New Zealand,Medal,USORO-BROWN Eboni,,,,GK,,,,,,,,,,,,,,,,,,,
38,Jamaica,Australia,Medal,BECKFORD Shanice Horasha,GA,GA,GA,GA,60,5,5,100,15,17,18,,,,1,,2,,,,2,1,
38,Jamaica,Australia,Medal,DEHANEY Kadie-ann Alicia,,,,,,,,,,,,,,,,,,,,,,,
38,Jamaica,Australia,Medal,DIXON-ROCHESTER Nicole,C,C,C,C,60,,,,20,24,1,1,,1,,,1,12,2,,1,,1
38,Jamaica,Australia,Medal,FOWLER Jhaniele Karyl,GS,GS,GS,GS,60,46,47,98,,,,,,,,,,1,2,,1,,
38,Jamaica,Australia,Medal,HEMMINGS Shadian Toni-ann,,,,,,,,,,,,,,,,,,,,,,,
38,Jamaica,Australia,Medal,NELSON Shimona,,,,,,,,,,,,,,,,,,,,,,,
38,Jamaica,Australia,Medal,ROBINSON Rebekah Theresa,,,,,,,,,,,,,,,,,,,,,,,
38,Jamaica,Australia,Medal,STERLING Shamera Shadae,GK,GK,GK,GK,60,,,,,,,3,1,6,,,7,5,,,,,
38,Jamaica,Australia,Medal,THOMAS Adean Tamesha,,,WA,WA,22,,,,6,8,5,,,,,,,3,,,1,,1
38,Jamaica,Australia,Medal,WARD Jodi-Ann,WD,WD,WD,WD,60,,,,,,6,2,1,2,,,3,13,,1,1,,
38,Jamaica,Australia,Medal,WILLIAMS Khadijah Amoy,WA,WA,WA,,38,,,,9,12,12,,,,,,1,1,,,1,,
38,Jamaica,Australia,Medal,WILSON Latanya Amoy,GD,GD,GD,GD,60,,,,,,3,3,,9,,,4,8,6,,1,,
38,Australia,Jamaica,Medal,ARYANG Sunday,,,,,,,,,,,,,,,,,,,,,,,
38,Australia,Jamaica,Medal,AUSTIN Kiera,,,,,,,,,,,,,,,,,,,,,,,
38,Australia,Jamaica,Medal,BRAZILL Ashleigh,WD,WD,WD,WD,60,,,,,,6,3,1,5,,,4,9,1,,,,
38,Australia,Jamaica,Medal,BRUCE Courtney,GK,GD,GD,GD,60,,,,,,1,,,5,,,2,15,6,,,,
38,Australia,Jamaica,Medal,BUETA Gretel,GS,GA,GA,GA,60,37,37,100,2,2,13,1,,1,1,,2,6,2,,1,,2
38,Australia,Jamaica,Medal,HADLEY Paige,,,,,,,,,,,,,,,,,,,,,,,
38,Australia,Jamaica,Medal,KLAU Sarah,,GK,GK,GK,39,,,,,,,,,3,,,,15,4,,,,
38,Australia,Jamaica,Medal,KOENEN Cara,,GS,GS,GS,39,15,15,100,7,8,,1,1,,,,2,2,1,,1,,1
38,Australia,Jamaica,Medal,MOLONEY Kate,C,C,C,C,60,,,,13,34,,2,,,,,6,6,5,,,,3
38,Australia,Jamaica,Medal,WATSON Liz,WA,WA,WA,WA,60,,,,24,44,24,2,,1,,,4,4,3,,,1,
38,Australia,Jamaica,Medal,WESTON Joanna,GD,GD,,,21,,,,,,1,,,1,,,,7,3,,,,
38,Australia,Jamaica,Medal,WOOD Steph,GA,GA,,,21,3,5,60,7,8,3,1,,,,,2,,,,,,
